path,bytes,sha256
EPOCH_MANIFEST.json,3806,a1837f802de436035d605e9971563147308e86e7fc089902b30bb22e0581d354
README.md,2142,5391cfb8bb7b6b13fa914e3dde9a68a8d7d83c79a141790ed084b82c39500d94
acceptance/EPOCH_ACCEPTANCE.json,4064,52a38d5202308b8f4f381d5bea6e37ccd322e3ca623d2fc68ad2ae28602c5e76
acceptance/EPOCH_ACCEPTANCE.md,2441,c654a6c16edce8311e14f6cbf1c8d62ebb20610241609b58c935dfa809276545
acceptance/FRESH_WORKBOOK_SNAPSHOT.json,22904,fee2cc5b217e8ce2600d5e8d778f6dc5eca2abbe15d93a4f983b316ca6e940ea
acceptance/GIT_TREE_AUDIT.json,482,9a1992efb2196ac100e248b9f8829700625eeb1c1f1d01ff24137ff664eb7912
acceptance/TEST_RESULTS.json,1660,029fa91f5aa8a4062c1d12d315c4ead3def62739d6c675a20daa60544abfba2b
authority/SOURCE-SHA256SUMS-1.1.4.txt,2704,0cc31a5a4ac68108377384337d1fba662ac5c22fb9c14ee37ecc75dba74d21dd
authority/test-imp-1.1.4-windows-x64.zip,8283858,b1ccdaba5c4ec76b7a8516c4e8c8109c26f2cb58b0f60f49a5c5fcf9a031b284
epoch_inputs/README.md,7062,5b53c67ceb4923e6ceb4c1326ffea576048c0d27b6b92d89a2606256d886761e
epoch_inputs/SHA256SUMS.csv,3231,a6c2a5dcf4f6fdc5d518309536fe29d317ae1884cea0ca7a2c512ba0e905fb46
epoch_inputs/history/evidence_event_ledger.json,53460,1e13ad24f2fe865999b48589c31a5e3d8d9b1c4bfb6b1ee9bd4b7eeb9b9562f1
epoch_inputs/history/exclusions_and_retests.json,52578,f42b4ad91201bd8be93b687d6b2a9a51450c0dae477c38e1a89a313032c44d32
epoch_inputs/manifest/acquisition_registry.json,86176,65d7ba14ce5d96253fed963115596a9fe1c3e334b5cb3c7326ccef28426fa607
epoch_inputs/manifest/dataset_manifest.step2.json,262298,fc91beda6acfda3f09d7292a758abd876bce6c51adc2662e107820da128a78e1
epoch_inputs/manifest/raw_file_inventory.csv,55110,e48d5e0ef7cbcf797e85eef0c284230ebcc3816b121054d82112d853e881ce13
epoch_inputs/manifest/raw_file_inventory.json,112355,3652c2db9a2cf7f464aac53dca40cba6ad214f5cbf3bb1c8963c968cf09b5ca3
epoch_inputs/manifest/repo_provenance.json,737,1f33d7383f3fb329b8119105548646a554df5b6a1cc6016bca537863c5861b4f
epoch_inputs/manifest/repository_file_inventory.csv,56871,8e3ec38cc7adca909072c65982364064eafeb99c7d4f5dedc14ff25c36241e32
epoch_inputs/metadata/dome_metadata_registry.json,25755,3531da02a466ad335bddba5f78fd1c9782e564e5fe488605a0a7500a6194eefb
epoch_inputs/metadata/metadata_reconciliation.csv,8294,3091d6f39592c9eb70593caef7fa3fc0b3bbcd6dd431cf247ed33b68de4a1e94
epoch_inputs/metadata/metadata_reconciliation.json,29960,54b5fc0438bf0117ff315a5f581fa7120c196b72863c3a4564cd9e7452ffee86
epoch_inputs/metadata/normalized_tested_domes.csv,5534,b7b091f5ede1d860502515a8827e21806bee58ea1e12982db1a3ba955da20b06
epoch_inputs/metadata/normalized_tested_domes.json,20989,e998936e4adad936d4b2103fae68ff9b77460b9601e4b788fe1dabd62b17d4a3
epoch_inputs/provenance/epoch_input_provenance.json,2009,b2631534e10ce247eb451c7ebe0a15ac87fb862b2951034e430e535112970037
epoch_inputs/scripts/build_epoch_inputs.py,76191,ef7affb8c30aa7d8514960b82bf72ddc12f355fa6a1720b99103feabfaeee2b0
epoch_inputs/scripts/extract_workbook.mjs,1655,3bcbeccc42fa4bf789913dc41aca32c40f6c01854dea97012a4a58e4a20436ad
epoch_inputs/scripts/materialize_git_snapshot.py,6223,3c83d4a2c36e713087d90feb9b6118719e5221a41ffa140f4ecd860bcca936f4
epoch_inputs/scripts/seal_epoch_inputs.py,26060,8491e523e3ef59a68e0384a98d6c9adcd6fa4d3d0ce337f0400cfff39c07686e
epoch_inputs/source_lineage/predecessor_dataset_manifest.json,26795,640bf8f63161d2825fa7168ac314aaef5c0b0440e913c82ec3964d8e7cfc8583
epoch_inputs/source_workbook/untested-domes_v2.xlsx,13815,02e85a2fbdc8e025f1445ab8cb7bd830501f755b79d0a755d6ee31e53bca45a4
epoch_inputs/source_workbook/workbook_snapshot.json,22904,fee2cc5b217e8ce2600d5e8d778f6dc5eca2abbe15d93a4f983b316ca6e940ea
epoch_inputs/validation/audit_test_imp_1_1_4.py,88470,278222b47c067c562a472fa40fbe4dfe2e0f44ddb92c63920f54dd70e66fb8e6
epoch_inputs/validation/raw_cache_materialization.8816ffb.json,726,3643a29487a9815168460108786b5bfc0a84e54eebd39b9916d0018a63624ea1
epoch_inputs/validation/raw_cache_materialization.json,666,bafaab0ee1b39fe822c9afd3b0435ea186079f1c737fd445d2ba940897a2819c
epoch_inputs/validation/test_imp_1_1_4_epoch_audit.json,770933,1268d28d3d59cdd96552221549bc99dd3a6683e265e6e64c24543898e21657a5
epoch_inputs/validation/test_imp_1_1_4_epoch_audit.md,4564,657fdbb67423e99ff82c47a03cc1bcfade58fdcdc3a4ef4469e3272cc9d346f2
epoch_inputs/validation/test_imp_1_1_4_per_cohort.csv,10519,d8dc2914b4ef7b348da4d894314ad92b5cac9c4ec42536d1e188f184bf2e6033
epoch_inputs/validation/test_imp_1_1_4_per_run.csv,124092,1fea6b1fcc8feccab4d9f5159c25a4d17860ca95599db9be2efd4a77199a6fc9
epoch_inputs/validation/validation_report.json,7525,b2f13681ab5a449f8ca80422736ea9fe0847c5fd5fc255006262020efd3898d0
evidence/acquisition_qc.csv,149736,66190b379e916faf5d4edb85d362d5a385031a58e7792bf83d70c784a1bd7176
evidence/bench_tests.staged.json,410862,6d2d482921a6b2de698841287f5ba416613b6f69c471b1124d26ab0887269b6e
evidence/curve_pack_provenance.json,92985,0fe1b9195c71111e578e264469f6de2a381ad49a7241f3b2878ced8f87384888
evidence/diff_vs_release.md,9695,add20ff3f94d54c06dca96489446125f96af01caf3ed10ad3931d204af171379
evidence/eligibility_decisions.json,111915,4930b0b34b05b23ab2b34ceac2f9a612e924767447cc398b4ac5177604250f3e
evidence/evidence_history.staged.json,47968,2219c48797274444fb0b1cd53bfc84a1a8247f0d8926bec5095244e928b5b89c
evidence/exclusion_manifest.json,327,4b0791bdb6e99b5dd882d6cf6353d12561adbd9f904d0bc9e2f38d543e3cd801
evidence/generated_manifest.json,10717,b50d04604e639e19e9ace5ccc5426ceb9deffe75768a34ff61838dfc1a1c880c
evidence/intake_retention_decisions.json,450124,e6d438b672408cd3e711d907e58424af1f73c13650674526900ce24ceeea9bf4
evidence/median_comparison.json,3,37517e5f3dc66819f61f5a7bb8ace1921282415f10551d2defa5c3eb0985b570
evidence/median_convention_comparison.md,504,209bca7fa8805a05fa31af1736a9ce49bb99511b168c4646b95a5b23e10b9035
evidence/metadata_registry.staged.json,23244,7487c307148428f71e6c74aaa35de69b1e1dad3d2678302463236f1e6f597b78
evidence/packs/curves/Astro_Domes_Big_D_160g.staged.json,1443,fd5b96eb67bd5e3f687224fadfa4c13eb0de7289e4e8a5c5f64ee67e4bca13b7
evidence/packs/curves/Astro_Domes_Fiesta_120g.staged.json,1440,2fbef90028f0f21ced738324d1e2ed3871c6f27c3bec1b512c4a3c7f3b9cc475
evidence/packs/curves/Astro_Domes_Lean_90g.staged.json,1428,1716c992a134ae18f62f6ad43773d04304a6a2c74b65128611e1134eb056ae03
evidence/packs/curves/Astro_Domes_Pepper_50g.staged.json,1431,e9b5fd12b94ef1479812bb38734a85d237438538b0b15e16dcc2ed2c9132fa68
evidence/packs/curves/Astro_Domes_Shiner_35g.staged.json,1434,b9bbd80d6b64091525ed084a770c3970707fb1e3c3434913490762e867a3462b
evidence/packs/curves/Astro_Domes_Weird_70g.staged.json,1436,44eb37e365b6ddb63ab96f95f6dbd88c452bb1b0b1d8fee78a31432b1878da0d
evidence/packs/curves/Astro_Domes_Whatadome_60g.staged.json,1433,11933b207ff4141a978a3abb5072e6e62d0d19bc7fab3470d14127d6cfcb6c55
evidence/packs/curves/BKE_Redux_v1_Extreme_01.staged.json,1460,c1015ccb496a4fa1c528d41d9dabe8544a4cc7f17458905c7a29a9d9079018e6
evidence/packs/curves/BKE_Redux_v1_Heavy_01.staged.json,1430,6467a08e591befa49a25f034834a8d18d8168f931ccb5d004404daf6288a440b
evidence/packs/curves/BKE_Redux_v1_Heavy_02.staged.json,1435,72edbe6d4ac945284e7092383721501895250690a8fd889f3f25134d003bbe4f
evidence/packs/curves/BKE_Redux_v1_Heavy_03.staged.json,1430,d1ca103e0e3e771ae5e48f14f1badad9a173a46af13502abb6fddaa4d6282a07
evidence/packs/curves/BKE_Redux_v1_Light_01.staged.json,1431,c8b17b8b90619c329a4be4359c0bd33b839259d6bb782ca3f70a3636d818cd8a
evidence/packs/curves/BKE_Redux_v1_Light_02.staged.json,1430,5c63748cb82a51c5697c291bd592964a05a0c4a0987693c54888cb7d6ae62786
evidence/packs/curves/BKE_Redux_v1_Light_03.staged.json,1430,664d09f3f3dbd8f373f87810ef65996988251c267c41979782ca391ae4938fdb
evidence/packs/curves/BKE_Redux_v1_Ultra_Light_01.staged.json,1442,ce69db10aeddf6c55fdc8690e234f08d5b761fca54c2046f1d08e5930275068b
evidence/packs/curves/BKE_Redux_v1_Ultra_Light_02.staged.json,1436,975abd80aa75819f23b6ecdc06bd08be91fdee6824a95d753711a0a709656390
evidence/packs/curves/BKE_Redux_v1_Ultra_Light_03.staged.json,1437,b4c802c6489b4c398a2d53bdc43764749e229ecfbc9bca73ee5ce3fc23354719
evidence/packs/curves/Deskeys_Carrot_35g.staged.json,1423,b032344b8648519104f11ccbe2ff38733e122977341fe74e8f372eecfa62f97c
evidence/packs/curves/Deskeys_Carrot_49g.staged.json,1423,cdebdb1fad95e0b9b0fd0d57317692cf0f177f8a6ca3ef4bd72effbe71bfbbd4
evidence/packs/curves/Deskeys_Carrot_60g.staged.json,1425,3c62e55d6c9588a484958d13e25d46f55e9161cab7fae43e8a1d0ffaa8ce96e1
evidence/packs/curves/Deskeys_T1_Blue_56g.staged.json,1421,422d12aec0efcbbf8a06961b228d262696507af423899a2e5b207c5841bd1e74
evidence/packs/curves/Deskeys_T1_Cheese_28g.staged.json,1427,1cd7d6b5be3c04b126605bdec3e241eaa3120824fcdaf93bdc03324c3789c935
evidence/packs/curves/Deskeys_T1_Coffee_63g.staged.json,1428,ba875f138333221188a3f61ae7ef1cf9958b67934b09f904fdfe38d4733fabf1
evidence/packs/curves/Deskeys_T1_Darkside_100g.staged.json,1430,ab93a4c6006a82d2b864622ef8c48da50d00db5075c1a1abd38e5c4b186dd759
evidence/packs/curves/Deskeys_T1_Green_85g.staged.json,1428,3b23c30059cbd6bc33730bcaccd1be6c21ff1c873a48454caaea06dec55893b9
evidence/packs/curves/Deskeys_T1_Grey_70g.staged.json,1424,e061a33c441099a3a712e9c38b9afd0761908c4071cfd18600828ebe0e5a4099
evidence/packs/curves/Deskeys_T1_Pink_42g.staged.json,1423,d1d11222dc4a8cd7ce5d213dcc1d1b4359f33a7b896bab3a9fad66bf22c6d1e8
evidence/packs/curves/Deskeys_T1_Purple_49g.staged.json,1428,d38f1a243439cf3c76f1bcabaf01322f124051f0e830a3c837228bed3a76e474
evidence/packs/curves/Deskeys_T1_Tiffany_35g.staged.json,1429,69b4ee41049613cfb61a06ac9b41c2bb60c4f2b72c61e0d22a538827b83fc6a3
evidence/packs/curves/Deskeys_V1_Blue_56g.staged.json,1425,f33db32bb665d8d5649e41e857c6f540d5e3df03b99ea08387a0248aec666500
evidence/packs/curves/Deskeys_V1_Pink_42g.staged.json,1422,264aef128aab81fbdfef16d61e34a17f44de99c15c6f39a585b5c299d4e47980
evidence/packs/curves/Deskeys_V1_Purple_49g.staged.json,1429,e46a3883b1ddd46d872b0d5afe935c6f54d66388c2fceedaefe11a767a64c2a5
evidence/packs/curves/Deskeys_V1_Tiffany_35g.staged.json,1425,a62febd7e51031a2e473079fee56d9f37c07a529ed6ec871e4f5f26002bf984d
evidence/packs/curves/Deskeys_V2_Blue_56g.staged.json,1424,8a7308c40ca274b3e1d48c3d63b466945b4dbb4c7d09d7a939070e9a69e92a7f
evidence/packs/curves/Deskeys_V2_Brown_63g.staged.json,1429,d1462031fa2f9933855f75ba8e3309a298761f8e19770bc2328e446db0175fec
evidence/packs/curves/Deskeys_V2_Green_70g.staged.json,1426,9ea2ef2640b2e2171e09ab9ab7f776bf9d3252c0242d3b89e5423eb2b38e90bc
evidence/packs/curves/Deskeys_V2_Pink_42g.staged.json,1427,33eda02b9484aa1b394a38812b82a24db3d1e5a9a5161e0658ad05449d3e6b99
evidence/packs/curves/Deskeys_V2_Purple_49g.staged.json,1426,0b2abcaed67eb2fef9ba6973a09dfdaa4fea04ad2cc3544be425b38395ac796b
evidence/packs/curves/Deskeys_V2_Tiffany_35g.staged.json,1427,a5a28245409df5e29976b0c304916171e1285962cd0819a031c8fdaf1435bd09
evidence/packs/curves/Deskeys_V3_Blue_56g.staged.json,1424,8d224a57005935dd3da693db739b9b2c5f651efb6e1f5307483d91e380fc606f
evidence/packs/curves/Deskeys_V3_Brown_63g.staged.json,1426,206d49395b15d774e1f4fcd849ff6ec4c7dccbd080403f8817b6448483b8cbf5
evidence/packs/curves/Deskeys_V3_Cheese_28g.staged.json,1426,48a4e7d777936080c9bf9831f34adf66781398b799b2fbfe7bdedb8e3de41edc
evidence/packs/curves/Deskeys_V3_Green_70g.staged.json,1427,5f93bd83ddf2c201ea19860364762fec75362fb47ecfa98dd93d97a2c5a557c0
evidence/packs/curves/Deskeys_V3_Pink_42g.staged.json,1426,b61fe94abe5c99d9497383106d70356f54f8795133f1df279bdd14fbc254ee89
evidence/packs/curves/Deskeys_V3_Purple_49g.staged.json,1428,88f2d4555f08c2a06fd138f6f03fdf7b84b25f88a49ee78b7dc34a98b190cfca
evidence/packs/curves/Deskeys_V3_Tiffany_35g.staged.json,1429,4b97e2454e6390e71af3d9cb9e6a1b212acfabd049e07de2775d5996ce5ddb8c
evidence/packs/curves/DynaCaps_Light_35g.staged.json,1425,538de1503a978b2b469093df47042d7abdfc5090e6cb84d38d447581bbe55f49
evidence/packs/curves/DynaCaps_Medium_45g.staged.json,1424,5a9496db4e0d6d0e3bc9bed8932c27e8962b2d471d481d505bf33a58d32cc100
evidence/packs/curves/DynaCaps_Parts.staged.json,1419,a6243812dd2efcc095ed31a0442a653130e44822bca7d192496f0be0644881f1
evidence/packs/curves/Dynacaps_Heavy_55g.staged.json,1426,265b928ebd5324610618ebe62aabc81f1cd98585eca00bf3b48cc3f368c5fe4f
evidence/packs/curves/Dynacaps_Slider_0.3mm_Poron.staged.json,1432,813be9a0bc658b35f748d502f772f5eed58a627c38b9da282bd73d18f2dd1235
evidence/packs/curves/Dynacaps_Slider_0.5mm_Silicone.staged.json,1436,877816adcd1bd37be624c8eaeb0c5841f3c462ed110a34f07b58f0c16ebc73fd
evidence/packs/curves/KLC_Densus_35g.staged.json,1419,e38c8400154fba406b152b33c64a7b642bb21c07708604cb896d3cc7c1af3062
evidence/packs/curves/KLC_Densus_45g.staged.json,1418,c4bf5b8ce859e48fb7bdfe3e0eea02bca612e9e705f9c33b6939d1d62b6d06da
evidence/packs/curves/KLC_Densus_55g.staged.json,1424,5ae0e5f65382220ed0163e6b7e5885e3a390995b3f78052124428975e9b55350
evidence/packs/curves/NiZ_Black_65g.staged.json,1418,1e35136dc328da06522a63522c68ecd3842790793f1ca19da3afca4eecd22d74
evidence/packs/curves/NiZ_Purple_60g.staged.json,1416,f2d8e9641c463004f75e7be7d929322178a2b09a63b6535f8ffd8a3b967bf1aa
evidence/packs/curves/Sony_BKE_Brown_01.staged.json,1421,929b106965e2c288e10499ff3f2883c897f0fe64a2794c3e5d68943acca1899b
evidence/packs/curves/Sony_BKE_Brown_02.staged.json,1440,c54c63593d85ae0020ef36441d1d19583a84f4e375591e13bb3d051de9b6cbc5
evidence/packs/curves/Sony_BKE_Brown_03.staged.json,1427,bc45b18ddf3c496ca08905415ee43ecbd1821244a2cae3889c0b7b21350b8840
evidence/packs/curves/Sony_BKE_Gray_01.staged.json,1430,79da79a4d23e008b016e0ff7c8e7e221438b0ba5f5590ee53fc0d0185961a932
evidence/packs/curves/Sony_BKE_Gray_02.staged.json,1429,1d002b58fe99b4af58e148e19fd07824bb3598c4b07ecbacabf9503051c26775
evidence/packs/curves/Topre_GX1_45g.staged.json,1426,6cc3d9c12b665d6f0699366ec6fb617dba77e90d283f15255879cf2290c4ce8d
evidence/packs/curves/Topre_HHKB_Pro2_45g.staged.json,1424,05fd1cbd72409bcc23d3db969c03d05199158d4b2435a6eca60fd141fee77d34
evidence/packs/curves/Topre_R1_30g.staged.json,1418,f3660c9267f7e4515a9e9b00540f75502584400ffcb73f045afed16e628f728e
evidence/packs/curves/Topre_R1_45g.staged.json,1418,3ac4cecfc54391a5e334ffb11232e0180e590015a375022b6db1510facf7d4cc
evidence/packs/curves/Topre_R1_55g.staged.json,1417,8725ecfd64addcb5c51bf509e91f8dfc5de7690821acb8ff0d03382aa5eca3af
evidence/packs/curves/Topre_R2_30g.staged.json,1416,8d3579a09df20fd89267388fe2fb119f840fdc94b5bdbd6b4f4c45be4e055d0a
evidence/packs/curves/Topre_R2_45g.staged.json,1420,1ef3a767ef7fe281b0f319c9b945271f1a21c16bbdca36544ac613ac26ea894e
evidence/packs/curves/Topre_R2_55g.staged.json,1417,005e784530bb1c66ec90d202e5448d4230e157f846ea8a57de130e7a965fb86d
evidence/packs/curves/Topre_RGB_45g.staged.json,1418,195668aba905c7e3fc769e3489d8393a16fda56e096e2d9457308e175a5bc614
evidence/packs/curves/Topre_Slider_Black.staged.json,1423,28841c14bfe2308531bcc612070d4c09b66316ad34a7307731985fd4e0d96cff
evidence/packs/curves/Topre_Slider_Black_Silenced_0.3mm_Poron.staged.json,1434,56bae967ee982d84e1802e9d020263e9ce5551facb405b3d16a178c32d14b89b
evidence/packs/curves/Topre_Slider_Black_Silenced_0.5mm_Poron.staged.json,1447,b4392335f3b0429b2e27218393c7faf6cba9d078dcbc90b901a03e47605ca3c6
evidence/packs/curves/Topre_Slider_Silenced_Purple.staged.json,1438,adf3376648d2a3081da5a98e3cab53aea602d2386145a6bd906fb6fea79ebb7d
evidence/packs/curves/Topre_Slider_Type-S.staged.json,1426,f693c4498187b7cc7e805cbbc2de3eeadcc8d240aad691d661a6703d063f1dfc
evidence/per_run_full_precision.csv,145011,bf9efe6a0407d93b0d0d2d419e05a6ef6a061201cc7d9d5a1f2aa549feeb8670
evidence/per_run_full_precision.json,464053,28c2d6dbc4391a69b637223bcef3b68429a7c31cbcfd2754c631f0a2dd7d52ee
evidence/raw_path_manifest.csv,48003,51fcf24afcbdbb46e82d0450b184d33c9f5a37a3b0e35ac1e0306e7700d7b8d0
evidence/raw_path_manifest.json,76605,27fbb18c9d437a024cadf0895aadeb0d6f24ed7a9333a3ddd30d04b6c292f465
evidence/run_retention.csv,103333,2a651ceb0b3c2a206d1640421a8ad964a2d30074c1267a53259f9f782757b6d3
evidence/schema_meta.staged.json,29115,684a88db18f1022186013b746d63daeb46a1c00dded2db94d3a4eab81200b2d0
evidence/schemas/bench_test.schema.v42.json,21781,9c066962b51014037bf17f30494bd3a9d68cff4ad1a3a69b4043bc8688a80930
generator/domelab_pipeline/__init__.py,22,318615309ed3f0181718c7f7255984455eb3a2bdc5b3da660f5d0fbd136d17da
generator/domelab_pipeline/cli.py,2005,6ee8beaf16c6614d4f47a915052d9fd67ba6479f903418b527a7818f6de4d719
generator/domelab_pipeline/config/adjudications.json,724,ad55f4c22980b16eebdb48b09f58eba86fb1dc0ebd319ff3c7ba14fd685d4f66
generator/domelab_pipeline/config/dataset_manifest.json,262298,fc91beda6acfda3f09d7292a758abd876bce6c51adc2662e107820da128a78e1
generator/domelab_pipeline/config/dome_metadata_registry.json,25755,3531da02a466ad335bddba5f78fd1c9782e564e5fe488605a0a7500a6194eefb
generator/domelab_pipeline/config/evidence_history.json,53460,1e13ad24f2fe865999b48589c31a5e3d8d9b1c4bfb6b1ee9bd4b7eeb9b9562f1
generator/domelab_pipeline/config/exclusions.json,307,3d91942253c31ca4f5391d82e0ef7fdf87423e3b38b89adeaca74f3d6bc4aab2
generator/domelab_pipeline/config/intake_policy.json,5720,7c184f6fef1b3b22b7c3c88480437ad28745d01f995e0e6a4e22924d7035e360
generator/domelab_pipeline/config/method_config.json,12772,3d4fe2d6a27cd8fd966f0a7e089d38e1680542dcc1dd4e1711046c44ed33e4b5
generator/domelab_pipeline/config/retained_run_decisions.json,450124,e6d438b672408cd3e711d907e58424af1f73c13650674526900ce24ceeea9bf4
generator/domelab_pipeline/config/review_register.json,337,62c7e266e98e5493c7d444531ab66636eb4fcb9ebfedcd859a270dbf548aca34
generator/domelab_pipeline/core.py,26403,b79ecd253cc7c208f1217bea39167c1e0cefe82b427fb66b5896c407806298ee
generator/domelab_pipeline/curves.py,3821,2ac62af263c98b35f0412107bab110f5bcdaeb7016c05f548f5466a6fd7e2a18
generator/domelab_pipeline/importer_core.py,1678,0a7b0101decdcfc394770fcd3b1f47df8bb1da6ac48f17c0adf24463e3c95ca5
generator/domelab_pipeline/intake_cli.py,4861,11493f5ad5277e273f4c5a396e9939dd2aad9a71a6006eb4627c97953cc5a2ec
generator/domelab_pipeline/intake_policy.py,34240,d73cbdd9c2a37435269c6424f6548813986331795eaf3b49350ceabc487d0341
generator/domelab_pipeline/medians.py,467,a857904388fe1a7402c2203aad2c75b134aed876938708ec4b5fab4f566fd43d
generator/domelab_pipeline/packs.py,40021,c2be7c00575718dc6b2dd14248396f23ca28f1bf017fbe5ff7e9cf5b471c1c2b
generator/domelab_pipeline/parity.py,5799,40fb92243b3c1ea3e868c94621db80cbf400b54ded0357bd7c2e26509aa0df61
generator/domelab_pipeline/pipeline.py,76576,c604c84e2b7c2b4520f1ce159ef2b90906ec2610f36417c0dec05b2429f0af31
generator/domelab_pipeline/prose.py,8643,ad5c6a1d056807aeff7ffc2bb3eeb1fd8a2206b9c85adfa0f4cebe348df8d84d
generator/domelab_pipeline/qc.py,12168,9cd77b66a611546c275629df71dd70a2549d0612c67be93a054e64a960e792a8
generator/domelab_pipeline/reference_js.py,7329,03938ec43691c352b51ab1fbb604e91531f856fe452d16824723b080a1681067
generator/domelab_pipeline/registries.py,14173,9f3915c4f0bb7d096dcf9bdbdba518d90fdeff0b5ee3359be86b1bce10ae44ce
generator/domelab_pipeline/release_reference/bench_tests.release.json,24336,96a43385bf79f0f31e1ec286b83f6a13f1c3d622265056332d005a5ac96831de
generator/domelab_pipeline/release_reference/dome-lab-parts.release.html,199569,001cdade6d545d8b60c5afd54d5d142fc1631fbfedd661871dc0c8c48ee4152c
generator/domelab_pipeline/release_reference/index.release.html,210363,6839cad2db3ffa95d94d3816ab627cf0848deb0718f65fd29b1e25da2a78fd06
generator/domelab_pipeline/release_reference/repo_provenance.json,737,1f33d7383f3fb329b8119105548646a554df5b6a1cc6016bca537863c5861b4f
generator/domelab_pipeline/release_reference/repository_file_inventory.csv,56871,8e3ec38cc7adca909072c65982364064eafeb99c7d4f5dedc14ff25c36241e32
generator/domelab_pipeline/reports.py,5308,9638a564bc02b4cf9b0262dd86b31efbe25e642b2625c3595ec15233f26dfc6c
generator/domelab_pipeline/schema_gen.py,21970,ee94d8643c95c279ff8f3b84f54305bd94a156f9b462ed0160b23012106b986a
generator/pyproject.toml,670,494d887d13c0f0fcc98bda94dc317618b9271533b2992a71cd651026e0325e96
generator/requirements-lock.txt,615,6ac45369afc4518021adb7d7174982c5433cf1223482acdb3772ea641194ff94
generator/tests/conftest.py,2429,cf2462a2473751f848711d88d9380ba39cad56297d21a87701c648617afea511
generator/tests/fixtures/golden_per_run.json,12557,21451b12beb7dacbd691905adec0963de5bf7302dcf647c575555a679511b596
generator/tests/test_canonical_epoch_8816.py,18429,24942fa36948c5c32dcbb0a8ee7bbbf608a3e0c75eed0ea4aa6162fb9a16d3e5
generator/tests/test_importer_promotion_prose.py,14509,00fcb278ed4c42c0793b99de1f397d94a64c41d549c8de58a5cff23a01cc8ea8
generator/tests/test_intake_policy_v12.py,36476,7ff23f2acf5fe797a3c0f0eaa4b09f29b236d07b89a37750c8963891a5f2fbe2
generator/tests/test_metrics_v42.py,12371,7780c73d4be550fdfd3cf014cdb26a05defc1ee1bac0f5502bc4d9c3609c0721
generator/tests/test_pipeline.py,36678,01daaf5317d82f158fa67a24d9e44f03652df8baf7abb25314a3d6924a6d1d5c
generator/tests/test_qc_adversarial.py,10875,178dfaee54df2647fb9124aec48b1f3752ac8dd6460b5625c0a15f68503256a8
generator/tests/test_schema_registry_adversarial.py,19053,562583332ea268cb4f463391d86410f5e1caa21af3dff432177904665cafd234
generator/tools/run_and_record.py,3671,5259abe5a69d427c3c401dd8f0ae4f176ff19c1046f152d756cf77a3dc73aca0
raw_cache/repo-6e86ac1955a0c566c7aae521705e51371992ba8a/Astro_Domes_Big_D_160g/DataLog_1.csv,56587,c9a7b5c527a3aefbf7565ccdb2ac03ebffd1f392caa20a64dd3e9c56d83ae32e
raw_cache/repo-6e86ac1955a0c566c7aae521705e51371992ba8a/Astro_Domes_Big_D_160g/DataLog_2.csv,56472,fd47ba4e02958b65ac00ed42a111cdc24050d8ab4384825dcf9daac12d91cc1b
raw_cache/repo-6e86ac1955a0c566c7aae521705e51371992ba8a/Astro_Domes_Big_D_160g/DataLog_3.csv,56685,6b0f6e2722ddaff355ce21d03202a2cb1b34ab90e5fbb189554e25261845398a
raw_cache/repo-6e86ac1955a0c566c7aae521705e51371992ba8a/Astro_Domes_Big_D_160g/DataLog_4.csv,56611,2408bfab8e0de2d75b56edfc10f60eda8851ec823cfd3aed61324abf951c1758
raw_cache/repo-6e86ac1955a0c566c7aae521705e51371992ba8a/Astro_Domes_Fiesta_120g/DataLog_1.csv,55654,2ab7a7d80ab3d224272bdb3bb4343701176d008f74aec702c7f6fe7168bcc338
raw_cache/repo-6e86ac1955a0c566c7aae521705e51371992ba8a/Astro_Domes_Fiesta_120g/DataLog_2.csv,57157,14a95089adfb8a3ad28f2eded623a8104efc185b979031f74f161695d872e84c
raw_cache/repo-6e86ac1955a0c566c7aae521705e51371992ba8a/Astro_Domes_Lean_90g/DataLog_1.csv,57550,6a93ed4cbb749421027ee2878d9a09a8adfcac39e122a80021878916315d628f
raw_cache/repo-6e86ac1955a0c566c7aae521705e51371992ba8a/Astro_Domes_Lean_90g/DataLog_2.csv,59341,b1318d524f226b767ab5f4581a8d9173312be03e5ca85861baa35051f1c6e185
raw_cache/repo-6e86ac1955a0c566c7aae521705e51371992ba8a/Astro_Domes_Pepper_50g/DataLog_1.csv,58625,77f1e092ffc03b2d2379c4afbdb5aa353e8ae10c7a7726652eb6d7f94dad6afa
raw_cache/repo-6e86ac1955a0c566c7aae521705e51371992ba8a/Astro_Domes_Pepper_50g/DataLog_2.csv,61901,40c584fdaf43f42600f7ded69184ebb4106f6c4bb1a56a6f6a3c791be6fc04dd
raw_cache/repo-6e86ac1955a0c566c7aae521705e51371992ba8a/Astro_Domes_Shiner_35g/DataLog_1.csv,61844,4aaa79fd15a647813fe301ae8510112cfdebf865ff412f4870ca9cd8e344b873
raw_cache/repo-6e86ac1955a0c566c7aae521705e51371992ba8a/Astro_Domes_Shiner_35g/DataLog_2.csv,58557,30ea1749675bae41b46785e16ca9e10dbf2376c378853a4cc27b5f0b23662cd0
raw_cache/repo-6e86ac1955a0c566c7aae521705e51371992ba8a/Astro_Domes_Weird_70g/DataLog_1.csv,58219,241575e104aa123cae90896eb05d61f94e83a6953d6241d4197650c7828aa251
raw_cache/repo-6e86ac1955a0c566c7aae521705e51371992ba8a/Astro_Domes_Weird_70g/DataLog_2.csv,59825,2ed4c41cc8999cdff15cba306fb8a8f23a7bba937baa79de961abc4546e4b7c7
raw_cache/repo-6e86ac1955a0c566c7aae521705e51371992ba8a/Astro_Domes_Whatadome_60g/DataLog_1.csv,58646,8810f0df1906710f0045db44ea5c297bc260eb5b7f335a00ef26939a078958bc
raw_cache/repo-6e86ac1955a0c566c7aae521705e51371992ba8a/Astro_Domes_Whatadome_60g/DataLog_2.csv,60414,66ea65856b34228d3a8829bab95aa2c901e416c471e8a798e5a79a4a3c6077b6
raw_cache/repo-6e86ac1955a0c566c7aae521705e51371992ba8a/BKE_Redux_v1_Extreme_01/BKE_Redux_Extreme_01-DataLog_1.csv,52454,2b5daaa1211cbc69dfd5870b9603c29e63997e77e51be3c97847d4266162105f
raw_cache/repo-6e86ac1955a0c566c7aae521705e51371992ba8a/BKE_Redux_v1_Extreme_01/BKE_Redux_Extreme_01-DataLog_2.csv,53909,0aa66c2f5385fb116d8f2c1946a5e9bbf21be0d0325f0ccd013d2cd4e12b4751
raw_cache/repo-6e86ac1955a0c566c7aae521705e51371992ba8a/BKE_Redux_v1_Extreme_01/BKE_Redux_Extreme_01-DataLog_3.csv,55400,5a238c2970b761d30fc1b951724565db06136510d1959d42ed0312ab7d6bcbaf
raw_cache/repo-6e86ac1955a0c566c7aae521705e51371992ba8a/BKE_Redux_v1_Heavy_01/DataLog_1.csv,53235,36ef7bfad85ba95eb1afcbc265e3427e58600914fdf68cb4c8775d1ff00c44be
raw_cache/repo-6e86ac1955a0c566c7aae521705e51371992ba8a/BKE_Redux_v1_Heavy_01/DataLog_2.csv,54751,08419fc1da7eea085c23ffa6a8add0192cb4ae5800120d5f62813eee08c23c3c
raw_cache/repo-6e86ac1955a0c566c7aae521705e51371992ba8a/BKE_Redux_v1_Heavy_02/DataLog_1.csv,53267,d2c8a632b70b3d5def4c020775be0e22a1b41454ddf27ad149bb652b27943118
raw_cache/repo-6e86ac1955a0c566c7aae521705e51371992ba8a/BKE_Redux_v1_Heavy_02/DataLog_2.csv,54762,e3064b3de8e1c2e67d8a03987534ebeb463d118a55c5298e2e21a08c21ce5caf
raw_cache/repo-6e86ac1955a0c566c7aae521705e51371992ba8a/BKE_Redux_v1_Heavy_03/DataLog_2.csv,52905,29e86769730e65b01be38dd0e9508f142c4f92d2a6ba9b7819d6cb28f5e4e7d9
raw_cache/repo-6e86ac1955a0c566c7aae521705e51371992ba8a/BKE_Redux_v1_Heavy_03/DataLog_3.csv,52974,158fec1f645cfb0adbb9cc11638770dd8b11c7d30d4500fee100afe4dfcafd3c
raw_cache/repo-6e86ac1955a0c566c7aae521705e51371992ba8a/BKE_Redux_v1_Heavy_03/DataLog_4.csv,54413,bb3e685d3f8efa176b66d7de752ed2b12dbff700cfee742694a2162deadec741
raw_cache/repo-6e86ac1955a0c566c7aae521705e51371992ba8a/BKE_Redux_v1_Light_01/DataLog_1.csv,53872,2de845de78f69afadf26399c75fea027951453a0612d3753eeab6f1ef38bde1c
raw_cache/repo-6e86ac1955a0c566c7aae521705e51371992ba8a/BKE_Redux_v1_Light_01/DataLog_2.csv,55477,039443396c07de695360f86857725f4ccbc12d091f5d5ef029bf83c3a193fbbb
raw_cache/repo-6e86ac1955a0c566c7aae521705e51371992ba8a/BKE_Redux_v1_Light_02/DataLog_1.csv,54173,6ac347ba067dcf8f8bc0584e8e618557f81708e470f477c59f543d3e7373416b
raw_cache/repo-6e86ac1955a0c566c7aae521705e51371992ba8a/BKE_Redux_v1_Light_02/DataLog_2.csv,55697,62a63ff90756714a29c6d6e78cd5f6cd603c11a6bca95afe18820101e64d4e2a
raw_cache/repo-6e86ac1955a0c566c7aae521705e51371992ba8a/BKE_Redux_v1_Light_03/DataLog_1.csv,56316,935f4179e3c93b5b9efe9bfc3eef53e31a945103098658227d50a65c3301f95f
raw_cache/repo-6e86ac1955a0c566c7aae521705e51371992ba8a/BKE_Redux_v1_Light_03/DataLog_2.csv,54711,cd9dc3609eace445e7a3db517f3e0d0e23a5b6017b67a738f65b14ec1d32cb8e
raw_cache/repo-6e86ac1955a0c566c7aae521705e51371992ba8a/BKE_Redux_v1_Ultra_Light_01/DataLog_1.csv,54903,6a4f2fe9ea0bf3ea43e975bffd2243538af8af28f291d4ff4215adc92779b8a6
raw_cache/repo-6e86ac1955a0c566c7aae521705e51371992ba8a/BKE_Redux_v1_Ultra_Light_01/DataLog_2.csv,56556,18ad2d57a6a38e19cdce498e6eea41b4ef87fde9ba47fd62e4304cc598fe79fc
raw_cache/repo-6e86ac1955a0c566c7aae521705e51371992ba8a/BKE_Redux_v1_Ultra_Light_02/DataLog_1.csv,53351,20af4dd1c5d9321df7d1b2ce2e2f76cb45cb53ae60d73240b5a674d4b30d9b00
raw_cache/repo-6e86ac1955a0c566c7aae521705e51371992ba8a/BKE_Redux_v1_Ultra_Light_02/DataLog_2.csv,54853,dd4d02232eedd75e6c482d1f4834508e9b5aab9dfc102a440cc8540001e2f6fd
raw_cache/repo-6e86ac1955a0c566c7aae521705e51371992ba8a/BKE_Redux_v1_Ultra_Light_02/DataLog_3.csv,55002,cf7299c2450bb2de7ea13ccc95118811fac7e7fb90b56afbb7a3fbae3b9df8da
raw_cache/repo-6e86ac1955a0c566c7aae521705e51371992ba8a/BKE_Redux_v1_Ultra_Light_03/DataLog_1.csv,54490,621f2de75e6ea87ae1f7ef764f16340f8ec3b969de185e488ea35ee129cb3ef8
raw_cache/repo-6e86ac1955a0c566c7aae521705e51371992ba8a/BKE_Redux_v1_Ultra_Light_03/DataLog_2.csv,56270,e0740dbc66396d47e7f0b0be6204c4165380cc7add35a60ad17a787d303c2845
raw_cache/repo-6e86ac1955a0c566c7aae521705e51371992ba8a/BKE_Redux_v1_Ultra_Light_03/DataLog_3.csv,56266,c154cf37717ec89521aa35b6b9bc4c13814f8c003ef7200c6003381efb0bc251
raw_cache/repo-6e86ac1955a0c566c7aae521705e51371992ba8a/Deskeys_Carrot_35g/DataLog_1.csv,55787,a6b31ccaa38663fed8a9ad0813ebc6f3adceb1e2be22c2710633ac1cb9304ed8
raw_cache/repo-6e86ac1955a0c566c7aae521705e51371992ba8a/Deskeys_Carrot_35g/DataLog_2.csv,55484,4c6146dbf211c53b291e4075e83450bd1d737c4a8fde718418aac5aab8992e63
raw_cache/repo-6e86ac1955a0c566c7aae521705e51371992ba8a/Deskeys_Carrot_35g/DataLog_3.csv,58718,c2304883181c75db5296de0f60e40932fe03ffc8057260c51f01b41a90269012
raw_cache/repo-6e86ac1955a0c566c7aae521705e51371992ba8a/Deskeys_Carrot_49g/DataLog_1.csv,55350,f94efa4aba37050f89cf7a843af612f6f61722481a295aa615c02a5ec71cf96c
raw_cache/repo-6e86ac1955a0c566c7aae521705e51371992ba8a/Deskeys_Carrot_49g/DataLog_2.csv,56905,ccdb2ffabc07d2672a8416818c94dac71b50514fdd95d1af26307b004ec694d6
raw_cache/repo-6e86ac1955a0c566c7aae521705e51371992ba8a/Deskeys_Carrot_49g/DataLog_3.csv,56899,b19e9b2c1b3c03fa25f77f4621d617900c40bf6fd3c8713241f483ede6736d75
raw_cache/repo-6e86ac1955a0c566c7aae521705e51371992ba8a/Deskeys_Carrot_60g/DataLog_1.csv,55908,e0431173d4f373e2cfd2d6ecf84afb97f1665891c9963e819859769a27cb11f0
raw_cache/repo-6e86ac1955a0c566c7aae521705e51371992ba8a/Deskeys_Carrot_60g/DataLog_2.csv,57416,36a8f6d2d3f1fc3a2adcf07089fddb8fe32b72548e89145d8d8a513695ddff9d
raw_cache/repo-6e86ac1955a0c566c7aae521705e51371992ba8a/Deskeys_Carrot_60g/DataLog_4.csv,55868,93151823949d61ad2e41f78613de30cd971ba37e5265e1ab89ebac118ecb78b1
raw_cache/repo-6e86ac1955a0c566c7aae521705e51371992ba8a/Deskeys_T1_Blue_56g/DataLog_1.csv,60971,6a1701bbd8cbad3ecf141fdb18c7e64ad07e839374c32aea22876522c5e8745b
raw_cache/repo-6e86ac1955a0c566c7aae521705e51371992ba8a/Deskeys_T1_Blue_56g/DataLog_2.csv,62683,bff675b2a4de6ddb607ba4df4508150cafe23c2e183d326004404f6446001a63
raw_cache/repo-6e86ac1955a0c566c7aae521705e51371992ba8a/Deskeys_T1_Cheese_28g/DataLog_1.csv,61320,114d4f0846e4c115332ab17dc94f935a5ef51aa24ede9238647a58d31c7b1dc9
raw_cache/repo-6e86ac1955a0c566c7aae521705e51371992ba8a/Deskeys_T1_Cheese_28g/DataLog_2.csv,62291,8995fc1b366475cddac92f68382b2da521a4e27317791a2d8ab39fafa60dacad
raw_cache/repo-6e86ac1955a0c566c7aae521705e51371992ba8a/Deskeys_T1_Coffee_63g/DataLog_1.csv,61065,0dfb5f192ab556a95cac5f15720002b98186f28549009f10758cdadc388897f3
raw_cache/repo-6e86ac1955a0c566c7aae521705e51371992ba8a/Deskeys_T1_Coffee_63g/DataLog_2.csv,62713,e5c8d905926eeaa3fb053ebd3585765943b3e8e2db781ec20fb0b0146ff1d4a2
raw_cache/repo-6e86ac1955a0c566c7aae521705e51371992ba8a/Deskeys_T1_Darkside_100g/DataLog_1.csv,61267,4d2c089aea99b8f7caa2c87cf99d89864edba0912d219bfbe6a2da955ce05a24
raw_cache/repo-6e86ac1955a0c566c7aae521705e51371992ba8a/Deskeys_T1_Darkside_100g/DataLog_2.csv,59557,af477077e9901137655faaa1cb4024ece7a85374d2b829ab9299d435b5506468
raw_cache/repo-6e86ac1955a0c566c7aae521705e51371992ba8a/Deskeys_T1_Green_85g/DataLog_1.csv,59878,1305f06040a1dd1853eacf81b1d904a8065d432e458fab1e326d66f26e1fc6ef
raw_cache/repo-6e86ac1955a0c566c7aae521705e51371992ba8a/Deskeys_T1_Green_85g/DataLog_2.csv,61616,2172c671eef800a8c57122b37bfbc11f95c7f023bdc2dc225444e4bff2012baa
raw_cache/repo-6e86ac1955a0c566c7aae521705e51371992ba8a/Deskeys_T1_Grey_70g/DataLog_1.csv,60473,b58faf4ff2ad6e900b39dc59a9d8bace6c3d6659ebc9e4a335e13c99b2f7ff9a
raw_cache/repo-6e86ac1955a0c566c7aae521705e51371992ba8a/Deskeys_T1_Grey_70g/DataLog_2.csv,62253,1055e872a5e5e984e0003b62d6671d4f221e84b45f2c03c32905b07120a8ad26
raw_cache/repo-6e86ac1955a0c566c7aae521705e51371992ba8a/Deskeys_T1_Pink_42g/DataLog_1.csv,60830,63ddd76ce7a395aade1050cc45f15a14128753e9a3f28848c4abd75ddda11a5b
raw_cache/repo-6e86ac1955a0c566c7aae521705e51371992ba8a/Deskeys_T1_Pink_42g/DataLog_2.csv,60759,156f0c9ccb0dd7d62537de6cb5d7e9f1c7595f4895f9de6b90974e2a47eace61
raw_cache/repo-6e86ac1955a0c566c7aae521705e51371992ba8a/Deskeys_T1_Purple_49g/DataLog_1.csv,61127,50b4fa5241945fb714bbcf12b868ad58e2ef25f688a11ccee5a151cef69dc61a
raw_cache/repo-6e86ac1955a0c566c7aae521705e51371992ba8a/Deskeys_T1_Purple_49g/DataLog_2.csv,62794,7ed5287c2891d704ad3803d4766866766b04b46451058334e5e47677599b464c
raw_cache/repo-6e86ac1955a0c566c7aae521705e51371992ba8a/Deskeys_T1_Tiffany_35g/DataLog_1.csv,60746,47b1042cdf34aee18cf6ae90da91334af5e4c75575249bd643458bb079e47299
raw_cache/repo-6e86ac1955a0c566c7aae521705e51371992ba8a/Deskeys_T1_Tiffany_35g/DataLog_2.csv,62521,f5ce6e37e6c98747afc15eddba2091589627df948186f609489239bd0f140255
raw_cache/repo-6e86ac1955a0c566c7aae521705e51371992ba8a/Deskeys_V1_Blue_56g/DataLog_1.csv,55607,129cca972784f27aef2b201c259f1de563c8082138e5d85a01449541552493e5
raw_cache/repo-6e86ac1955a0c566c7aae521705e51371992ba8a/Deskeys_V1_Blue_56g/DataLog_2.csv,57080,f5e1504ac678436763f9e02d34c86a300b008e8957a6c715c56bb5871e2cebb9
raw_cache/repo-6e86ac1955a0c566c7aae521705e51371992ba8a/Deskeys_V1_Pink_42g/DataLog_1.csv,56305,84b67766201177bd230d436ec4902f9a153e0fc8d55ea0b3111e32498a03b1b2
raw_cache/repo-6e86ac1955a0c566c7aae521705e51371992ba8a/Deskeys_V1_Pink_42g/DataLog_2.csv,57852,5231f023ed0e16e83b2a48707893b19e6aee59dec4a0c340073bf07d571863bf
raw_cache/repo-6e86ac1955a0c566c7aae521705e51371992ba8a/Deskeys_V1_Pink_42g/DataLog_3.csv,56049,e81266fc88b4cc48f6fe1c4e782533c521b08f7187ee131093cae2336e63dfba
raw_cache/repo-6e86ac1955a0c566c7aae521705e51371992ba8a/Deskeys_V1_Purple_49g/DataLog_1.csv,55942,a4f30f4749b4373a88d8df2ac0406371cae5a7b73c9bf9a5e45f6374114c9b60
raw_cache/repo-6e86ac1955a0c566c7aae521705e51371992ba8a/Deskeys_V1_Purple_49g/DataLog_2.csv,57451,e1bc867495c0583403e17299ea6fcac0a1212130b466e1be8c9b1812480a7290
raw_cache/repo-6e86ac1955a0c566c7aae521705e51371992ba8a/Deskeys_V1_Tiffany_35g/DataLog_1.csv,55828,b73eebe9bf9622ab4afffd67c762b21b8923619b331eede2983fc0390057451f
raw_cache/repo-6e86ac1955a0c566c7aae521705e51371992ba8a/Deskeys_V1_Tiffany_35g/DataLog_2.csv,57273,156e188cbea6474fc7e4907668208398c2da3463119dec99b950d03316995656
raw_cache/repo-6e86ac1955a0c566c7aae521705e51371992ba8a/Deskeys_V2_Blue_56g/DataLog_1.csv,56458,43b7f5a21f88af7aa51edaf0afb390e4d9d4f27a16517fa40c500a4f3f8bd938
raw_cache/repo-6e86ac1955a0c566c7aae521705e51371992ba8a/Deskeys_V2_Blue_56g/DataLog_2.csv,58061,57d4ba6af29c5866d53fa822fff8f8c1d7dccbec4139562b68ce5f2bb2136ce0
raw_cache/repo-6e86ac1955a0c566c7aae521705e51371992ba8a/Deskeys_V2_Brown_63g/DataLog_1.csv,56169,a73c90dd28b085295850b865908a2efb58955b2e5504403a3f0800c55b3305c9
raw_cache/repo-6e86ac1955a0c566c7aae521705e51371992ba8a/Deskeys_V2_Brown_63g/DataLog_2.csv,57855,f945b5d1e0b81dec331e8a18de50795bec61c6dc3a52942819229995a63f3232
raw_cache/repo-6e86ac1955a0c566c7aae521705e51371992ba8a/Deskeys_V2_Green_70g/DataLog_1.csv,55093,b23c4efa43f8fe126d74f8b496f8fe4c116c85b17cc30e071abb0221d7c10285
raw_cache/repo-6e86ac1955a0c566c7aae521705e51371992ba8a/Deskeys_V2_Green_70g/DataLog_2.csv,56667,597f57d3148d01487437cd641cb4be1a7284ed16aeecbcb6d146a67590ac1728
raw_cache/repo-6e86ac1955a0c566c7aae521705e51371992ba8a/Deskeys_V2_Pink_42g/DataLog_1.csv,57142,8bf3849befffe44b5433ab5c48586b58dc747578676f9ca1b5fcdad880b97ccc
raw_cache/repo-6e86ac1955a0c566c7aae521705e51371992ba8a/Deskeys_V2_Pink_42g/DataLog_2.csv,57010,c125910b17c31f19b6d7af49562ba12a1b6823921903d2d94feab3aedfa1667d
raw_cache/repo-6e86ac1955a0c566c7aae521705e51371992ba8a/Deskeys_V2_Purple_49g/DataLog_1.csv,56424,725aae89915e8c48f9b71f43c409ae13ced65e10bba6a3a5c16cc432678c9853
raw_cache/repo-6e86ac1955a0c566c7aae521705e51371992ba8a/Deskeys_V2_Purple_49g/DataLog_2.csv,56491,82e7c62e1eb908f9972d2d1f66e89fbf51e27888a2be8fcb788f94ea9f198595
raw_cache/repo-6e86ac1955a0c566c7aae521705e51371992ba8a/Deskeys_V2_Tiffany_35g/DataLog_1.csv,57098,1a84c29ee35a68a2a9ba96fc5247f64d2d2124b60835cd7b5cedab1409ac370a
raw_cache/repo-6e86ac1955a0c566c7aae521705e51371992ba8a/Deskeys_V2_Tiffany_35g/DataLog_2.csv,58746,52faaadbc1d990db33ee6d4639e36173ea5e37bab7053d5ab7818d28cb38fa32
raw_cache/repo-6e86ac1955a0c566c7aae521705e51371992ba8a/Deskeys_V3_Blue_56g/DataLog_1.csv,60209,a081cb011c3b70729f439942a587b0228445ed346697a16df5058b27c0ea67be
raw_cache/repo-6e86ac1955a0c566c7aae521705e51371992ba8a/Deskeys_V3_Blue_56g/DataLog_2.csv,60205,fc7f4880a50edf80c4bebc333c35c4725777abb06b4905edfc4ab792b146469c
raw_cache/repo-6e86ac1955a0c566c7aae521705e51371992ba8a/Deskeys_V3_Blue_56g/DataLog_3.csv,60292,918e9ca70bb931b193520c6d6dd6fac05713d279fc60204296afe1ce208654b1
raw_cache/repo-6e86ac1955a0c566c7aae521705e51371992ba8a/Deskeys_V3_Brown_63g/DataLog_1.csv,60220,8a4b99088323a309e4be81698934f51fa8fe02618988dadc1a13e7d1a68b1b91
raw_cache/repo-6e86ac1955a0c566c7aae521705e51371992ba8a/Deskeys_V3_Brown_63g/DataLog_2.csv,61944,59559bafcd5b55dc079a6726b9c8d42726db3d32e58947ba80a31c8c64da279d
raw_cache/repo-6e86ac1955a0c566c7aae521705e51371992ba8a/Deskeys_V3_Cheese_28g/DataLog_1.csv,61535,9b584bf3497b29060c2a94a0dbec4af21a8e9c02ae3fedbf30489ae83f92ba35
raw_cache/repo-6e86ac1955a0c566c7aae521705e51371992ba8a/Deskeys_V3_Cheese_28g/DataLog_2.csv,63401,6e22fab8136e752ac47e60d69ffb54871bd43149c5b5efb45f9d0e5f07aed85b
raw_cache/repo-6e86ac1955a0c566c7aae521705e51371992ba8a/Deskeys_V3_Green_70g/DataLog_1.csv,60434,790d257be4fd206dad766767e5c45d96711de780d5a692e019c935c39059ed63
raw_cache/repo-6e86ac1955a0c566c7aae521705e51371992ba8a/Deskeys_V3_Green_70g/DataLog_2.csv,60522,91299d072b20bdc6d130f6c91ca5faf36a9ebb812001f70103850100c324649d
raw_cache/repo-6e86ac1955a0c566c7aae521705e51371992ba8a/Deskeys_V3_Pink_42g/DataLog_1.csv,60819,10f969f0d7299909df5414995057f35006e5efbaddfdfa4d83f1fa5b0e1370ab
raw_cache/repo-6e86ac1955a0c566c7aae521705e51371992ba8a/Deskeys_V3_Pink_42g/DataLog_2.csv,60871,d5f7e48053604057c77d80c7c183d3de54f464ad5bb97ccac3dc495f6400dabe
raw_cache/repo-6e86ac1955a0c566c7aae521705e51371992ba8a/Deskeys_V3_Pink_42g/DataLog_3.csv,62589,d298507a7da5f15f4120e17c5a48f93f77813004c596872916bc700d01bd5e2a
raw_cache/repo-6e86ac1955a0c566c7aae521705e51371992ba8a/Deskeys_V3_Purple_49g/DataLog_1.csv,60068,57b5261ae31039252e3f63c594db941c57471419831da327cb4e8744c4a79314
raw_cache/repo-6e86ac1955a0c566c7aae521705e51371992ba8a/Deskeys_V3_Purple_49g/DataLog_2.csv,60064,1f63dd894156e38592d5674cb3904c141b258f0e2f0bc2c408ba499b6ddd79df
raw_cache/repo-6e86ac1955a0c566c7aae521705e51371992ba8a/Deskeys_V3_Tiffany_35g/DataLog_1.csv,60845,062d557e973948341068b5daacc28287c1ac9aaa4f6234b5aa339508d2bb3294
raw_cache/repo-6e86ac1955a0c566c7aae521705e51371992ba8a/Deskeys_V3_Tiffany_35g/DataLog_2.csv,62656,cd9a039625c11cc09f2e0cf3583f55bfc955e59ac6566a01fc98201eebe64c83
raw_cache/repo-6e86ac1955a0c566c7aae521705e51371992ba8a/DynaCaps_Light_35g/DataLog_1.csv,64101,264ab61c7518ce5347c004f7a30ab5226d851b7376c74f56fb46a622c11d4452
raw_cache/repo-6e86ac1955a0c566c7aae521705e51371992ba8a/DynaCaps_Light_35g/DataLog_2.csv,65966,389aac90ed12d5aa23cab55ac9a8fcb5355cec4054b69eea19659e3f13c1e2b6
raw_cache/repo-6e86ac1955a0c566c7aae521705e51371992ba8a/DynaCaps_Light_35g/DataLog_3.csv,67794,2fd288f5bb8748d75adb5d695b4b9eed606ec279c3c8184d3bbd4e1e665421f6
raw_cache/repo-6e86ac1955a0c566c7aae521705e51371992ba8a/DynaCaps_Medium_45g/DynaCaps_Medium-DataLog_1.csv,63517,7a58fac97cc350f15580987aef73a48bbae03bd91d77b8ca830b8b65e721e6cc
raw_cache/repo-6e86ac1955a0c566c7aae521705e51371992ba8a/DynaCaps_Medium_45g/DynaCaps_Medium-DataLog_2.csv,65243,557f3fd595a63e0b9bda32b7538fae704d36d89a9a1d26d626a5451848017c3a
raw_cache/repo-6e86ac1955a0c566c7aae521705e51371992ba8a/DynaCaps_Medium_45g/DynaCaps_Medium-DataLog_3.csv,67048,65ec93260706018b1bfd0a12e21f2eb1630bbb942fccd5c845f98a95ad0b226c
raw_cache/repo-6e86ac1955a0c566c7aae521705e51371992ba8a/DynaCaps_Parts/DynaCaps_Parts-DataLog_1.csv,57211,63d583b31924ad3ab3aad45cfb1d791329c1a3c510d393e188653f1840cf2ba3
raw_cache/repo-6e86ac1955a0c566c7aae521705e51371992ba8a/DynaCaps_Parts/DynaCaps_Parts-DataLog_2.csv,58676,441cc969cc9086bee23921f2c35a886d17f66be800c6e5c70f4606f600f1ff1d
raw_cache/repo-6e86ac1955a0c566c7aae521705e51371992ba8a/DynaCaps_Parts/DynaCaps_Parts-DataLog_3.csv,60267,15ac0198c5d8a85e4041afc38bd0cc3a9828111f35387b7c1cf178647cd824ab
raw_cache/repo-6e86ac1955a0c566c7aae521705e51371992ba8a/DynaCaps_Parts/DynaCaps_Parts-DataLog_4.csv,60229,960cd3c84b3142baa7e254b7a3483118f69cccd0be56760163bd7f86ead3dd8e
raw_cache/repo-6e86ac1955a0c566c7aae521705e51371992ba8a/DynaCaps_Parts/DynaCaps_Parts-DataLog_5.csv,60256,e1703ec3f809c5b380711700251fb4eaed5c5646494beba0efe6035dd5e7cbbf
raw_cache/repo-6e86ac1955a0c566c7aae521705e51371992ba8a/Dynacaps_Heavy_55g/DynaCaps_Heavy-DataLog_2.csv,64648,bdeb628bf19f86cab66b3e93871e7b36320f36f3a303639fdb5d77e0057e1cf9
raw_cache/repo-6e86ac1955a0c566c7aae521705e51371992ba8a/Dynacaps_Heavy_55g/DynaCaps_Heavy-DataLog_3.csv,66405,64e06119d492bb04e142c8c492c5170ec8c1711d5cf6c919204ba8a26c2e1bb3
raw_cache/repo-6e86ac1955a0c566c7aae521705e51371992ba8a/Dynacaps_Slider_0.3mm_Poron/Dynacaps_Slider_0.3mm_Poron-DataLog_1.csv,61644,4ddf45be0a8e75e6b4630564b5fd58479bdfa18d7823c50c29bcdc8e82832fb6
raw_cache/repo-6e86ac1955a0c566c7aae521705e51371992ba8a/Dynacaps_Slider_0.3mm_Poron/Dynacaps_Slider_0.3mm_Poron-DataLog_3.csv,65145,6956e6c6465d8eff75a4d322b6acb13a7714ec7496c67f4549ed79c057c82037
raw_cache/repo-6e86ac1955a0c566c7aae521705e51371992ba8a/Dynacaps_Slider_0.3mm_Poron/Dynacaps_Slider_0.3mm_Poron-DataLog_4.csv,65058,e4abc27830da86a26ae3efd86f627e08ab8619c7a8359e78cf5b17f97d0debfe
raw_cache/repo-6e86ac1955a0c566c7aae521705e51371992ba8a/Dynacaps_Slider_0.5mm_Silicone/Dynacaps_Slider_0.5mm_Silicone-DataLog_1.csv,58240,4880ed759c8f2179137427a16d282558a89249064af5554f14403321a9a19884
raw_cache/repo-6e86ac1955a0c566c7aae521705e51371992ba8a/Dynacaps_Slider_0.5mm_Silicone/Dynacaps_Slider_0.5mm_Silicone-DataLog_2.csv,59827,73c96bedae84b79734eb61349118ea44a45b857fce17cd2306cfa228a7de1023
raw_cache/repo-6e86ac1955a0c566c7aae521705e51371992ba8a/KLC_Densus_35g/DataLog_1.csv,60086,b9ad2700b0dc6021a6fcded5ba309ab60f1fc53aa0bda472b8962cc96b5a454b
raw_cache/repo-6e86ac1955a0c566c7aae521705e51371992ba8a/KLC_Densus_35g/DataLog_2.csv,61649,ec0bef5410ff9f5f8a80b324743c83ea25fa1b50ebd03865ae029cc0e7f76d5e
raw_cache/repo-6e86ac1955a0c566c7aae521705e51371992ba8a/KLC_Densus_45g/DataLog_1.csv,60347,007aeff34a115738c868f0318ffefe74da4e787de2ad9dd15dff051dd08fa6b9
raw_cache/repo-6e86ac1955a0c566c7aae521705e51371992ba8a/KLC_Densus_45g/DataLog_2.csv,61984,c6e28c8bf25739cf9df5c33c1b89ea9cad8af85f5550670a6d3a3521f545d513
raw_cache/repo-6e86ac1955a0c566c7aae521705e51371992ba8a/KLC_Densus_55g/DataLog_1.csv,59869,c1d049c9df75fb227de50df50e27999ccb5a534574e4045d501562e59f3ec014
raw_cache/repo-6e86ac1955a0c566c7aae521705e51371992ba8a/KLC_Densus_55g/DataLog_2.csv,61556,7527a775f3603f2108122eb33bd99df0f91ea2043d425c8a2686e07d8aa633e2
raw_cache/repo-6e86ac1955a0c566c7aae521705e51371992ba8a/NiZ_Black_65g/NiZ_65g-DataLog_2.csv,61166,d6ef05f6f66d281d0f36d30f6b013b2a27466e2009575131515593796075371e
raw_cache/repo-6e86ac1955a0c566c7aae521705e51371992ba8a/NiZ_Black_65g/NiZ_65g-DataLog_3.csv,62829,ecf00c20f83e3ace8ba2ecd0990f2715918a7adfb2316013722713de511c14be
raw_cache/repo-6e86ac1955a0c566c7aae521705e51371992ba8a/NiZ_Purple_60g/DataLog_1.csv,59382,eab731e1c25b9d6ae234960c6425892b39ebe658674682b8cebc3777f1220984
raw_cache/repo-6e86ac1955a0c566c7aae521705e51371992ba8a/NiZ_Purple_60g/DataLog_2.csv,61028,82cf82f84a3bf9226e67fbc87345d64ee4da2367f8d3866220b804568b38bffa
raw_cache/repo-6e86ac1955a0c566c7aae521705e51371992ba8a/NiZ_Purple_60g/DataLog_3.csv,60951,842d16a868e8df394899ee3f75666bdfd799769c65be5de95b18bc5e0ed071bd
raw_cache/repo-6e86ac1955a0c566c7aae521705e51371992ba8a/README.md,17602,e41abfe3b79fdc5f086c873eb1e020ed56b169dd484e8e665a0b93ef6276d6b6
raw_cache/repo-6e86ac1955a0c566c7aae521705e51371992ba8a/Sony_BKE_Brown_01/DataLog_2.csv,60003,71ca1ad9346278e6f8a99211ea9a2d69a732893e1a14e629cdc3fd0d5e845d39
raw_cache/repo-6e86ac1955a0c566c7aae521705e51371992ba8a/Sony_BKE_Brown_01/DataLog_3.csv,60028,9615241dbf250a9934d2da0c516077ec0dc33d577c79f74afbe36b010c6a3f4f
raw_cache/repo-6e86ac1955a0c566c7aae521705e51371992ba8a/Sony_BKE_Brown_02/DataLog_1.csv,60963,de3eb8d14d16a1a229e6ecc4d9988b4b96bb5e6f83ed71597225e2da26614620
raw_cache/repo-6e86ac1955a0c566c7aae521705e51371992ba8a/Sony_BKE_Brown_02/DataLog_2.csv,60916,0288411ad21eafd28c26717e887f43bc1dd0d59ab410cdca82663925383736d2
raw_cache/repo-6e86ac1955a0c566c7aae521705e51371992ba8a/Sony_BKE_Brown_02/DataLog_3.csv,60906,c388a634f8de8dfe226d3d46b74be9da63a7ea380c0d89c99f5f4dc9a41313ad
raw_cache/repo-6e86ac1955a0c566c7aae521705e51371992ba8a/Sony_BKE_Brown_03/DataLog_1.csv,60133,fca29cdfdb77bfdcb135ed5a51a02ee3636c2f67d71bad3459b54903fd7aac43
raw_cache/repo-6e86ac1955a0c566c7aae521705e51371992ba8a/Sony_BKE_Brown_03/DataLog_2.csv,60273,4c5064eebfa85f8a979110b39359af261e18961b6ddd3110f258bb418335f8dd
raw_cache/repo-6e86ac1955a0c566c7aae521705e51371992ba8a/Sony_BKE_Brown_03/DataLog_3.csv,60344,747bc1320fe125d35add6cc04e00bd8ad25775099c2d82414b1ed6dccc6cbd97
raw_cache/repo-6e86ac1955a0c566c7aae521705e51371992ba8a/Sony_BKE_Gray_01/DataLog_1.csv,52603,9474c859ce38173f86d367f523df4e55be790c85f333ec43e2487544807a3a0e
raw_cache/repo-6e86ac1955a0c566c7aae521705e51371992ba8a/Sony_BKE_Gray_01/DataLog_2.csv,54035,a5c9be27b38e35ee8c94ed5b772bf48b45388caaf58abbe20b8e0e42eafb2427
raw_cache/repo-6e86ac1955a0c566c7aae521705e51371992ba8a/Sony_BKE_Gray_01/DataLog_3.csv,54004,2a4242d93ba45decbb110ab8d2a5992f8f4fbe47067dca9df983ddd67503a16b
raw_cache/repo-6e86ac1955a0c566c7aae521705e51371992ba8a/Sony_BKE_Gray_02/DataLog_1.csv,53393,23ce8493d0fec41e2621687063ebcd6c462d5c1111e27d6edf9871a6c1e649ee
raw_cache/repo-6e86ac1955a0c566c7aae521705e51371992ba8a/Sony_BKE_Gray_02/DataLog_2.csv,54751,50de7fc59bc8c4967d9f3daba37ff1eb3576d75f556255f6c3f5fd4d521a0dd9
raw_cache/repo-6e86ac1955a0c566c7aae521705e51371992ba8a/Sony_BKE_Gray_02/DataLog_3.csv,54777,188e84ac8ef55fc923eea861339efecf9126f060a0134b013496e89110674851
raw_cache/repo-6e86ac1955a0c566c7aae521705e51371992ba8a/Topre_GX1_45g/DataLog_1.csv,63805,d226fe3d8a2ca32871312b0714c9942d56dfdb2be77e1705f99d58449dedd87f
raw_cache/repo-6e86ac1955a0c566c7aae521705e51371992ba8a/Topre_GX1_45g/DataLog_2.csv,63802,a097955113411869be46b55fe39758ee8d5ea912939e4c3de7122ed7dd21ff39
raw_cache/repo-6e86ac1955a0c566c7aae521705e51371992ba8a/Topre_HHKB_Pro2_45g/Topre_Slider_Black-DataLog_0.csv,61267,e3750bb2d88d0e4fbf1ce8643891a0395e73084b0a895f7da5d4f773a017fc98
raw_cache/repo-6e86ac1955a0c566c7aae521705e51371992ba8a/Topre_HHKB_Pro2_45g/Topre_Slider_Black-DataLog_1.csv,61092,295b17b213b625945f5195f65040d9c2d9d62a60d5c43fda39b8a083a5a5ff70
raw_cache/repo-6e86ac1955a0c566c7aae521705e51371992ba8a/Topre_HHKB_Pro2_45g/Topre_Slider_Black-DataLog_2.csv,64638,e45f432a6e3929ecce4b0d6a31140e865ec3f08e563b76239329d1ab1eeeece3
raw_cache/repo-6e86ac1955a0c566c7aae521705e51371992ba8a/Topre_HHKB_Pro2_45g/Topre_Slider_Black-DataLog_3.csv,64601,3d1c5946158643afce7c4eeae8ec626878126bf8397174a4e2a596b30fbd063d
raw_cache/repo-6e86ac1955a0c566c7aae521705e51371992ba8a/Topre_R1_30g/DataLog_1.csv,59867,ede83daced09b8dd9093e56acd34075cfa6a7875777e78ec82e2b8fb10535774
raw_cache/repo-6e86ac1955a0c566c7aae521705e51371992ba8a/Topre_R1_30g/DataLog_2.csv,61666,190f26fac084012d7c6abdf491cc62cda389b644eee62c18d39882082d67601d
raw_cache/repo-6e86ac1955a0c566c7aae521705e51371992ba8a/Topre_R1_30g/DataLog_3.csv,61608,6a59045d2e04f092bed1048718c60f6ca526bfc85bf9d0db47b62eab6043450f
raw_cache/repo-6e86ac1955a0c566c7aae521705e51371992ba8a/Topre_R1_45g/DataLog_1.csv,60573,586cd3368a282056a8f183eea8220bd936bcbfd4ddd437aab32d7617b0664939
raw_cache/repo-6e86ac1955a0c566c7aae521705e51371992ba8a/Topre_R1_45g/DataLog_2.csv,62229,088591ebfbd92f670ac2b17e547f857cf0aadaeaaff7b3b1512d6cd7175c0d3d
raw_cache/repo-6e86ac1955a0c566c7aae521705e51371992ba8a/Topre_R1_45g/DataLog_3.csv,62187,cf084ec0986ebfeafc56a79e5d0772533d9a6e7670eff2b7362c0fcc61ac28d7
raw_cache/repo-6e86ac1955a0c566c7aae521705e51371992ba8a/Topre_R1_45g/DataLog_4.csv,62368,20f3a62fd41587127cb7eeb37a4f6185dc509f4bf97a4db8b6e14d17fc41dc16
raw_cache/repo-6e86ac1955a0c566c7aae521705e51371992ba8a/Topre_R1_55g/DataLog_1.csv,62204,551bed892474dd559fe0e2b6f98cc7d52bc3abce64661e6d5dfed90ba6708a78
raw_cache/repo-6e86ac1955a0c566c7aae521705e51371992ba8a/Topre_R1_55g/DataLog_2.csv,62203,6534b00924174e26fddd09a0ce51e3332e161692ab756708e712c13f6bf5c48e
raw_cache/repo-6e86ac1955a0c566c7aae521705e51371992ba8a/Topre_R2_30g/DataLog_1.csv,60144,1c3b35fe92dedea9d63191df68d30cac21c4ef1b784e215c9567cda10c5f4556
raw_cache/repo-6e86ac1955a0c566c7aae521705e51371992ba8a/Topre_R2_30g/DataLog_2.csv,61917,e9ed57343034f8ead40a83b152ebf10f0576a4d9739c4e65fefe1091a868b196
raw_cache/repo-6e86ac1955a0c566c7aae521705e51371992ba8a/Topre_R2_30g/DataLog_3.csv,63619,350fd9daa3d8ad587f9aaa8f5dff6b4c37bd37da36398ef578e825083bc48403
raw_cache/repo-6e86ac1955a0c566c7aae521705e51371992ba8a/Topre_R2_45g/DataLog_1.csv,64564,04820939952461911e988a5a66b421deae00570bf92e46eceed155e92b10df96
raw_cache/repo-6e86ac1955a0c566c7aae521705e51371992ba8a/Topre_R2_45g/DataLog_2.csv,61221,be9b7e1bbb84d44fddb7650bbe80438f3da1cd0a49d00cfa14b1e403890d86a9
raw_cache/repo-6e86ac1955a0c566c7aae521705e51371992ba8a/Topre_R2_55g/DataLog_1.csv,61114,86c2a556aa3fec78e8083e3c881801cc4cf58e4890b1b0f33e8d4e5601e52d9b
raw_cache/repo-6e86ac1955a0c566c7aae521705e51371992ba8a/Topre_R2_55g/DataLog_2.csv,62818,00270cfa54b997442fdcb7da2f2ce6ea165cdf43aea551333a564219203566fe
raw_cache/repo-6e86ac1955a0c566c7aae521705e51371992ba8a/Topre_RGB_45g/DataLog_1.csv,62866,18151dbe84a34b5d0eb7dbb0d9324027a882b8939036a2fb2bc76c3cb06c28bb
raw_cache/repo-6e86ac1955a0c566c7aae521705e51371992ba8a/Topre_RGB_45g/DataLog_2.csv,62905,1f09d358c4b6b174c93d8f79ec3421123e32aa25ef3ffd324cf6bca22bbc166e
raw_cache/repo-6e86ac1955a0c566c7aae521705e51371992ba8a/Topre_Slider_Black/Topre_Slider_Black-DataLog_0.csv,61267,e3750bb2d88d0e4fbf1ce8643891a0395e73084b0a895f7da5d4f773a017fc98
raw_cache/repo-6e86ac1955a0c566c7aae521705e51371992ba8a/Topre_Slider_Black/Topre_Slider_Black-DataLog_1.csv,61092,295b17b213b625945f5195f65040d9c2d9d62a60d5c43fda39b8a083a5a5ff70
raw_cache/repo-6e86ac1955a0c566c7aae521705e51371992ba8a/Topre_Slider_Black/Topre_Slider_Black-DataLog_2.csv,64638,e45f432a6e3929ecce4b0d6a31140e865ec3f08e563b76239329d1ab1eeeece3
raw_cache/repo-6e86ac1955a0c566c7aae521705e51371992ba8a/Topre_Slider_Black/Topre_Slider_Black-DataLog_3.csv,64601,3d1c5946158643afce7c4eeae8ec626878126bf8397174a4e2a596b30fbd063d
raw_cache/repo-6e86ac1955a0c566c7aae521705e51371992ba8a/Topre_Slider_Black_Silenced_0.3mm_Poron/Topre_Slider_Black_Silenced_0.3mm_Poron-DataLog_1.csv,59048,815a0f5622be8e52c34adefa208102b96222b6644f93b4f26e313fb43f1d6dec
raw_cache/repo-6e86ac1955a0c566c7aae521705e51371992ba8a/Topre_Slider_Black_Silenced_0.3mm_Poron/Topre_Slider_Black_Silenced_0.3mm_Poron-DataLog_2.csv,58971,3058d7ab29d4ff5593ed8407077058067420a602e27102cb74566884e05bc723
raw_cache/repo-6e86ac1955a0c566c7aae521705e51371992ba8a/Topre_Slider_Black_Silenced_0.5mm_Poron/Topre_Slider_Black_Silenced_0.5mm_Poron-DataLog_2.csv,56790,987958fd28d49dd7e64c143a9abe1157b121e8cc10191fd3e694ccb4029d5f2d
raw_cache/repo-6e86ac1955a0c566c7aae521705e51371992ba8a/Topre_Slider_Black_Silenced_0.5mm_Poron/Topre_Slider_Black_Silenced_0.5mm_Poron-DataLog_3.csv,58313,0fbcdff8ff62c73d7955ecb598898831c89414ee37abaca579ff5e9dc39f567c
raw_cache/repo-6e86ac1955a0c566c7aae521705e51371992ba8a/Topre_Slider_Silenced_Purple/Topre_Slider_Silenced_Purple-DataLog_1.csv,61929,50475634e1cb9edc9b22ed2a1157127c8694701492dd6b8372e31264baa405d8
raw_cache/repo-6e86ac1955a0c566c7aae521705e51371992ba8a/Topre_Slider_Silenced_Purple/Topre_Slider_Silenced_Purple-DataLog_2.csv,63527,d777d3677d84cdc5aad25762fb8d52073313dc96560e443179341a60ea51ec0e
raw_cache/repo-6e86ac1955a0c566c7aae521705e51371992ba8a/Topre_Slider_Type-S/Topre_Slider_Type-S-DataLog_1.csv,60152,4c57653165404301f0f76207d1e8a0dbd4f76d13e53d786a8b90d897ac7cfbfe
raw_cache/repo-6e86ac1955a0c566c7aae521705e51371992ba8a/Topre_Slider_Type-S/Topre_Slider_Type-S-DataLog_2.csv,61715,aed0617c57c523b9b04f825b4e77bac92fb457240518448ec66daa016cc52883
raw_cache/repo-6e86ac1955a0c566c7aae521705e51371992ba8a/Topre_Slider_Type-S/Topre_Slider_Type-S-DataLog_3.csv,63348,87e856c5c4d5b1bf5010e47c231ecc9e14b9ad982e75b0f1a4cba6fa7a04211d
raw_cache/repo-6e86ac1955a0c566c7aae521705e51371992ba8a/dome-lab-parts.html,172325,59d78a669cbf2a3408f89005d3e66b289fbd15bbafd9ee77299a502d00436183
raw_cache/repo-6e86ac1955a0c566c7aae521705e51371992ba8a/dome-lab.html,27343,56bb9f9f08a2fec6c3ab2274a6cb767b2334c70bee5be6306e620e3460c81cd6
raw_cache/repo-6e86ac1955a0c566c7aae521705e51371992ba8a/ec-switch-explorer.html,55809,b795ee43de2697a52bb9992fd251118124140f7efc931ccaec58ddc32822603f
raw_cache/repo-6e86ac1955a0c566c7aae521705e51371992ba8a/index.html,126185,fa43e87edb26f93dc02e8f215078486416730d72b0e604d7b36596fd4b4874f7
tools/verify_canonical_epoch.py,76312,36faf29111351a66e71b9d0f1a61c1d14cad4603181806c45f538e52fbad017e
