Millis,Steps,Travel (mm),Scale raw,Scale (grams)
1050961,8,0.0050,19807.00,6.8867
1050995,16,0.0100,37901.00,14.2236
1051029,24,0.0150,50798.00,18.0219
1051062,32,0.0200,61078.00,21.2734
1051096,40,0.0250,71398.00,24.5676
1051130,48,0.0300,80838.00,27.7782
1051164,56,0.0350,90767.00,30.9752
1051197,64,0.0400,99346.00,33.6226
1051231,72,0.0450,106364.00,35.8450
1051265,80,0.0500,112631.00,37.8698
1051298,88,0.0550,118527.00,39.8841
1051332,96,0.0600,124392.00,41.6943
1051366,104,0.0650,129725.00,43.4011
1051400,112,0.0700,134216.00,44.5934
1051433,120,0.0750,139209.00,46.4062
1051467,128,0.0800,142730.00,47.5669
1051501,136,0.0850,146004.00,48.7382
1051535,144,0.0900,149863.00,50.0148
1051568,152,0.0950,153203.00,51.1184
1051602,160,0.1000,155832.00,51.9074
1051636,168,0.1050,158090.00,52.6697
1051670,176,0.1100,159265.00,53.2263
1051703,184,0.1150,161264.00,53.7484
1051737,192,0.1200,162799.00,54.2459
1051771,200,0.1250,164290.00,54.6998
1051805,208,0.1300,164993.00,55.0499
1051838,216,0.1350,166258.00,55.5218
1051872,224,0.1400,167476.00,55.6971
1051906,232,0.1450,168509.00,56.0197
1051939,240,0.1500,169176.00,56.4260
1051973,248,0.1550,170168.00,56.7528
1052007,256,0.1600,170933.00,57.0406
1052041,264,0.1650,171694.00,57.3094
1052074,272,0.1700,172321.00,57.4144
1052108,280,0.1750,172549.00,57.4778
1052142,288,0.1800,173085.00,57.7652
1052176,296,0.1850,173223.00,57.7662
1052209,304,0.1900,173790.00,58.0301
1052243,312,0.1950,174135.00,58.1433
1052277,320,0.2000,175380.00,58.4183
1052311,328,0.2050,175425.00,58.3779
1052344,336,0.2100,176429.00,58.7576
1052378,344,0.2150,176090.00,58.6897
1052412,352,0.2200,176575.00,58.8367
1052445,360,0.2250,177157.00,59.0976
1052479,368,0.2300,177986.00,59.3263
1052513,376,0.2350,178485.00,59.4507
1052547,384,0.2400,178861.00,59.6650
1052580,392,0.2450,179217.00,59.7481
1052614,400,0.2500,179142.00,59.8202
1052648,408,0.2550,179706.00,59.9102
1052682,416,0.2600,179989.00,59.9591
1052715,424,0.2650,180783.00,60.2380
1052749,432,0.2700,180916.00,60.3870
1052783,440,0.2750,181561.00,60.3644
1052817,448,0.2800,182780.00,60.8829
1052850,456,0.2850,182596.00,60.7943
1052884,464,0.2900,182614.00,60.8737
1052918,472,0.2950,183496.00,61.0785
1052952,480,0.3000,183108.00,61.1264
1052985,488,0.3050,182943.00,61.0305
1053019,496,0.3100,185206.00,61.6469
1053053,504,0.3150,184366.00,61.4342
1053087,512,0.3200,185340.00,61.7804
1053120,520,0.3250,185843.00,61.8845
1053154,528,0.3300,185980.00,62.0735
1053188,536,0.3350,187076.00,62.2257
1053221,544,0.3400,186418.00,62.0088
1053255,552,0.3450,188534.00,62.6274
1053289,560,0.3500,188336.00,62.6484
1053323,568,0.3550,188336.00,62.8266
1053356,576,0.3600,189210.00,63.0747
1053390,584,0.3650,189553.00,63.1056
1053424,592,0.3700,189711.00,63.2181
1053458,600,0.3750,189640.00,63.2654
1053491,608,0.3800,189867.00,63.3156
1053525,616,0.3850,190339.00,63.4377
1053559,624,0.3900,191046.00,63.6940
1053593,632,0.3950,191415.00,63.7186
1053626,640,0.4000,191485.00,63.7075
1053660,648,0.4050,191261.00,63.7580
1053694,656,0.4100,192233.00,63.8374
1053727,664,0.4150,192712.00,64.0494
1053761,672,0.4200,193390.00,64.3142
1053795,680,0.4250,192523.00,64.1469
1053829,688,0.4300,192895.00,64.2391
1053862,696,0.4350,192868.00,64.2663
1053896,704,0.4400,193289.00,64.3261
1053930,712,0.4450,193142.00,64.3618
1053964,720,0.4500,193777.00,64.5358
1053997,728,0.4550,193573.00,64.5371
1054031,736,0.4600,194225.00,64.6378
1054065,744,0.4650,194119.00,64.8006
1054098,752,0.4700,193907.00,64.6824
1054132,760,0.4750,193939.00,64.5594
1054166,768,0.4800,195153.00,64.9496
1054200,776,0.4850,195229.00,65.0516
1054233,784,0.4900,195698.00,65.1849
1054267,792,0.4950,195795.00,65.2295
1054301,800,0.5000,195847.00,65.2801
1054335,808,0.5050,195661.00,65.3267
1054368,816,0.5100,196532.00,65.4418
1054402,824,0.5150,196201.00,65.4264
1054436,832,0.5200,196852.00,65.6227
1054470,840,0.5250,196784.00,65.6335
1054503,848,0.5300,197766.00,65.9499
1054537,856,0.5350,197336.00,65.8137
1054571,864,0.5400,198217.00,66.0312
1054605,872,0.5450,198062.00,65.8721
1054638,880,0.5500,198579.00,66.0565
1054672,888,0.5550,198128.00,66.1143
1054706,896,0.5600,198921.00,66.3190
1054739,904,0.5650,198794.00,66.3502
1054773,912,0.5700,199087.00,66.3269
1054807,920,0.5750,198868.00,66.3102
1054841,928,0.5800,199180.00,66.3637
1054874,936,0.5850,198986.00,66.3108
1054908,944,0.5900,198895.00,66.3571
1054942,952,0.5950,199288.00,66.4273
1054976,960,0.6000,199297.00,66.4677
1055009,968,0.6050,199146.00,66.4195
1055043,976,0.6100,199476.00,66.2610
1055077,984,0.6150,200097.00,66.5701
1055111,992,0.6200,199505.00,66.5140
1055144,1000,0.6250,200020.00,66.6896
1055178,1008,0.6300,200003.00,66.6899
1055212,1016,0.6350,199772.00,66.7119
1055246,1024,0.6400,200283.00,66.7457
1055279,1032,0.6450,199530.00,66.5799
1055313,1040,0.6500,199206.00,66.4687
1055347,1048,0.6550,199732.00,66.6968
1055380,1056,0.6600,199510.00,66.6774
1055414,1064,0.6650,200142.00,66.8569
1055448,1072,0.6700,200227.00,66.8477
1055482,1080,0.6750,199927.00,66.6449
1055515,1088,0.6800,200957.00,66.8549
1055549,1096,0.6850,200649.00,66.7975
1055583,1104,0.6900,200076.00,66.7421
1055617,1112,0.6950,200354.00,66.7631
1055650,1120,0.7000,200889.00,67.0210
1055684,1128,0.7050,201034.00,67.0292
1055718,1136,0.7100,201543.00,67.1231
1055752,1144,0.7150,201210.00,67.1014
1055785,1152,0.7200,201613.00,67.2061
1055819,1160,0.7250,201491.00,67.1313
1055853,1168,0.7300,201513.00,67.1936
1055887,1176,0.7350,202009.00,67.2898
1055920,1184,0.7400,201841.00,67.1779
1055954,1192,0.7450,202461.00,67.2947
1055988,1200,0.7500,202161.00,67.3410
1056021,1208,0.7550,201850.00,67.2931
1056055,1216,0.7600,201873.00,67.3039
1056089,1224,0.7650,202304.00,67.3705
1056123,1232,0.7700,202162.00,67.3676
1056156,1240,0.7750,202286.00,67.4801
1056190,1248,0.7800,202710.00,67.4995
1056224,1256,0.7850,202400.00,67.4660
1056258,1264,0.7900,202866.00,67.5789
1056291,1272,0.7950,202408.00,67.5907
1056325,1280,0.8000,203232.00,67.7020
1056359,1288,0.8050,203037.00,67.7253
1056393,1296,0.8100,203731.00,67.9412
1056426,1304,0.8150,203018.00,67.7840
1056460,1312,0.8200,203190.00,67.6573
1056494,1320,0.8250,202689.00,67.5569
1056528,1328,0.8300,202738.00,67.6248
1056561,1336,0.8350,202447.00,67.6061
1056595,1344,0.8400,203160.00,67.4801
1056629,1352,0.8450,202092.00,67.4388
1056663,1360,0.8500,202198.00,67.3584
1056696,1368,0.8550,202433.00,67.4345
1056730,1376,0.8600,201993.00,67.3029
1056764,1384,0.8650,202359.00,67.4046
1056797,1392,0.8700,202207.00,67.3426
1056831,1400,0.8750,202012.00,67.1815
1056865,1408,0.8800,202644.00,67.3669
1056899,1416,0.8850,202104.00,67.3351
1056932,1424,0.8900,202422.00,67.3797
1056966,1432,0.8950,201569.00,67.1323
1057000,1440,0.9000,201758.00,67.1185
1057034,1448,0.9050,201188.00,66.9678
1057067,1456,0.9100,201047.00,66.8520
1057101,1464,0.9150,200774.00,66.9249
1057135,1472,0.9200,200616.00,66.6994
1057169,1480,0.9250,200842.00,66.9042
1057202,1488,0.9300,200828.00,66.9016
1057236,1496,0.9350,201208.00,66.9934
1057270,1504,0.9400,201006.00,66.8336
1057303,1512,0.9450,200967.00,66.7650
1057337,1520,0.9500,200645.00,66.8225
1057371,1528,0.9550,200572.00,66.7125
1057405,1536,0.9600,200489.00,66.8333
1057438,1544,0.9650,200125.00,66.6305
1057472,1552,0.9700,200152.00,66.6308
1057506,1560,0.9750,199934.00,66.5448
1057540,1568,0.9800,199665.00,66.4319
1057573,1576,0.9850,199120.00,66.3322
1057607,1584,0.9900,199663.00,66.3955
1057641,1592,0.9950,198875.00,66.1763
1057675,1600,1.0000,198685.00,66.1080
1057708,1608,1.0050,197931.00,65.9200
1057742,1616,1.0100,198494.00,66.0086
1057776,1624,1.0150,197989.00,65.9308
1057810,1632,1.0200,198446.00,65.9485
1057843,1640,1.0250,197961.00,66.0053
1057877,1648,1.0300,198060.00,65.8934
1057911,1656,1.0350,197584.00,65.8685
1057944,1664,1.0400,197522.00,65.7703
1057978,1672,1.0450,197184.00,65.6545
1058012,1680,1.0500,197015.00,65.7172
1058046,1688,1.0550,196801.00,65.6407
1058079,1696,1.0600,196998.00,65.7011
1058113,1704,1.0650,196818.00,65.7260
1058147,1712,1.0700,197611.00,65.6591
1058181,1720,1.0750,197558.00,65.6958
1058214,1728,1.0800,196669.00,65.5665
1058248,1736,1.0850,196580.00,65.4274
1058282,1744,1.0900,197146.00,65.6151
1058316,1752,1.0950,196748.00,65.5344
1058349,1760,1.1000,196433.00,65.3906
1058383,1768,1.1050,196451.00,65.4409
1058417,1776,1.1100,196828.00,65.5869
1058450,1784,1.1150,196394.00,65.3611
1058484,1792,1.1200,196698.00,65.4793
1058518,1800,1.1250,196326.00,65.4212
1058552,1808,1.1300,196393.00,65.3939
1058585,1816,1.1350,195896.00,65.2292
1058619,1824,1.1400,196294.00,65.2292
1058653,1832,1.1450,195517.00,65.1754
1058687,1840,1.1500,196126.00,65.3001
1058720,1848,1.1550,195690.00,65.1898
1058754,1856,1.1600,195464.00,65.0628
1058788,1864,1.1650,195770.00,65.1583
1058822,1872,1.1700,195559.00,65.1452
1058855,1880,1.1750,195379.00,65.0106
1058889,1888,1.1800,195193.00,64.9949
1058923,1896,1.1850,194752.00,64.8410
1058956,1904,1.1900,194246.00,64.7330
1058990,1912,1.1950,193794.00,64.4517
1059024,1920,1.2000,193252.00,64.2539
1059058,1928,1.2050,193790.00,64.2742
1059091,1936,1.2100,192441.00,64.0826
1059125,1944,1.2150,192808.00,64.1488
1059159,1952,1.2200,192667.00,64.0940
1059193,1960,1.2250,192473.00,64.0852
1059226,1968,1.2300,192263.00,63.9447
1059260,1976,1.2350,192068.00,63.9306
1059294,1984,1.2400,191514.00,63.7317
1059328,1992,1.2450,191371.00,63.7353
1059361,2000,1.2500,191569.00,63.7974
1059395,2008,1.2550,191675.00,63.8180
1059429,2016,1.2600,191706.00,63.7593
1059462,2024,1.2650,190581.00,63.3022
1059496,2032,1.2700,190954.00,63.4328
1059530,2040,1.2750,189825.00,63.2529
1059564,2048,1.2800,190079.00,63.2162
1059597,2056,1.2850,189763.00,63.1309
1059631,2064,1.2900,189267.00,63.0843
1059665,2072,1.2950,189717.00,63.1220
1059699,2080,1.3000,189726.00,63.0931
1059732,2088,1.3050,189027.00,62.8946
1059766,2096,1.3100,189022.00,62.8480
1059800,2104,1.3150,188630.00,62.7059
1059834,2112,1.3200,188037.00,62.5785
1059867,2120,1.3250,187892.00,62.5487
1059901,2128,1.3300,188487.00,62.7160
1059935,2136,1.3350,187822.00,62.4309
1059969,2144,1.3400,188533.00,62.6317
1060002,2152,1.3450,187965.00,62.6051
1060036,2160,1.3500,188177.00,62.6386
1060070,2168,1.3550,187775.00,62.4528
1060103,2176,1.3600,188139.00,62.6855
1060137,2184,1.3650,188398.00,62.7807
1060171,2192,1.3700,188332.00,62.6202
1060205,2200,1.3750,187840.00,62.6494
1060238,2208,1.3800,187869.00,62.5638
1060272,2216,1.3850,187870.00,62.5250
1060306,2224,1.3900,187488.00,62.4338
1060340,2232,1.3950,186829.00,62.2717
1060373,2240,1.4000,186909.00,62.1365
1060407,2248,1.4050,187404.00,62.2267
1060441,2256,1.4100,186426.00,62.1070
1060475,2264,1.4150,186460.00,62.0387
1060508,2272,1.4200,186433.00,61.9977
1060542,2280,1.4250,186207.00,61.9882
1060576,2288,1.4300,186107.00,61.8516
1060610,2296,1.4350,185727.00,61.9235
1060643,2304,1.4400,185822.00,61.8762
1060677,2312,1.4450,185469.00,61.7263
1060711,2320,1.4500,185200.00,61.6905
1060744,2328,1.4550,185464.00,61.7545
1060778,2336,1.4600,185457.00,61.7036
1060812,2344,1.4650,184757.00,61.3341
1060846,2352,1.4700,185059.00,61.4962
1060879,2360,1.4750,184317.00,61.3883
1060913,2368,1.4800,184351.00,61.3266
1060947,2376,1.4850,184132.00,61.2590
1060981,2384,1.4900,183638.00,61.0926
1061014,2392,1.4950,183184.00,61.0420
1061048,2400,1.5000,183271.00,61.0827
1061082,2408,1.5050,182691.00,60.8763
1061116,2416,1.5100,182669.00,60.8783
1061149,2424,1.5150,182462.00,60.8094
1061183,2432,1.5200,182497.00,60.7910
1061217,2440,1.5250,182431.00,60.7897
1061251,2448,1.5300,182351.00,60.6098
1061284,2456,1.5350,182847.00,60.6692
1061318,2464,1.5400,182079.00,60.6482
1061352,2472,1.5450,182072.00,60.6919
1061385,2480,1.5500,182103.00,60.6824
1061419,2488,1.5550,182049.00,60.6469
1061453,2496,1.5600,181965.00,60.6676
1061487,2504,1.5650,181926.00,60.6210
1061520,2512,1.5700,182224.00,60.7903
1061554,2520,1.5750,181835.00,60.6456
1061588,2528,1.5800,181738.00,60.5005
1061622,2536,1.5850,181621.00,60.5206
1061655,2544,1.5900,181508.00,60.5347
1061689,2552,1.5950,180607.00,60.1153
1061723,2560,1.6000,181004.00,60.1757
1061757,2568,1.6050,179898.00,59.9696
1061790,2576,1.6100,179988.00,59.9180
1061824,2584,1.6150,179406.00,59.9029
1061858,2592,1.6200,179961.00,59.9679
1061892,2600,1.6250,179071.00,59.7815
1061925,2608,1.6300,178878.00,59.6470
1061959,2616,1.6350,178710.00,59.5695
1061993,2624,1.6400,178862.00,59.6562
1062026,2632,1.6450,178210.00,59.4445
1062060,2640,1.6500,178414.00,59.4494
1062094,2648,1.6550,178472.00,59.5702
1062128,2656,1.6600,178682.00,59.4150
1062162,2664,1.6650,178801.00,59.4894
1062195,2672,1.6700,178214.00,59.4281
1062229,2680,1.6750,178667.00,59.6270
1062263,2688,1.6800,178460.00,59.4921
1062296,2696,1.6850,177961.00,59.2955
1062330,2704,1.6900,178065.00,59.2551
1062364,2712,1.6950,177302.00,59.0851
1062398,2720,1.7000,177009.00,59.0339
1062431,2728,1.7050,176358.00,58.7520
1062465,2736,1.7100,176342.00,58.6165
1062499,2744,1.7150,175562.00,58.4751
1062533,2752,1.7200,175064.00,58.3113
1062566,2760,1.7250,174333.00,57.9779
1062600,2768,1.7300,174377.00,57.8916
1062634,2776,1.7350,173397.00,57.8223
1062668,2784,1.7400,173797.00,57.8171
1062701,2792,1.7450,173325.00,57.7839
1062735,2800,1.7500,173036.00,57.6143
1062769,2808,1.7550,173055.00,57.6537
1062802,2816,1.7600,172687.00,57.5358
1062836,2824,1.7650,172219.00,57.4236
1062870,2832,1.7700,172095.00,57.2182
1062904,2840,1.7750,171682.00,57.1663
1062937,2848,1.7800,170840.00,56.8657
1062971,2856,1.7850,170984.00,56.9359
1063005,2864,1.7900,170513.00,56.7200
1063039,2872,1.7950,170974.00,56.7912
1063072,2880,1.8000,170168.00,56.6698
1063106,2888,1.8050,170249.00,56.7285
1063140,2896,1.8100,170307.00,56.6035
1063174,2904,1.8150,170439.00,56.7456
1063207,2912,1.8200,169861.00,56.5835
1063241,2920,1.8250,169734.00,56.5228
1063275,2928,1.8300,169818.00,56.4598
1063309,2936,1.8350,169488.00,56.3961
1063342,2944,1.8400,169457.00,56.3728
1063376,2952,1.8450,168957.00,56.2990
1063410,2960,1.8500,169286.00,56.2720
1063444,2968,1.8550,168858.00,56.1194
1063477,2976,1.8600,168080.00,55.8254
1063511,2984,1.8650,168298.00,55.8661
1063545,2992,1.8700,167784.00,55.7401
1063578,3000,1.8750,167532.00,55.7571
1063612,3008,1.8800,167197.00,55.5612
1063646,3016,1.8850,166627.00,55.4401
1063680,3024,1.8900,166897.00,55.4372
1063713,3032,1.8950,165974.00,55.2724
1063747,3040,1.9000,165738.00,55.1490
1063781,3048,1.9050,165993.00,55.1930
1063815,3056,1.9100,165935.00,55.2337
1063848,3064,1.9150,165892.00,55.1888
1063882,3072,1.9200,166014.00,55.2199
1063916,3080,1.9250,165474.00,55.0421
1063950,3088,1.9300,165777.00,55.0732
1063983,3096,1.9350,165252.00,55.0575
1064017,3104,1.9400,165215.00,55.0421
1064051,3112,1.9450,164930.00,54.8714
1064085,3120,1.9500,165002.00,54.8212
1064118,3128,1.9550,164264.00,54.6122
1064152,3136,1.9600,164148.00,54.5541
1064186,3144,1.9650,163541.00,54.3831
1064219,3152,1.9700,163456.00,54.3818
1064253,3160,1.9750,163191.00,54.1918
1064287,3168,1.9800,162903.00,54.1698
1064321,3176,1.9850,163605.00,54.5528
1064354,3184,1.9900,164287.00,54.6325
1064388,3192,1.9950,164755.00,54.6794
1064422,3200,2.0000,163725.00,54.3667
1064456,3208,2.0050,163148.00,54.1944
1064489,3216,2.0100,162774.00,54.0589
1064523,3224,2.0150,162197.00,54.0198
1064557,3232,2.0200,162132.00,53.8285
1064591,3240,2.0250,161434.00,53.7284
1064624,3248,2.0300,161525.00,53.7067
1064658,3256,2.0350,161260.00,53.6952
1064692,3264,2.0400,161031.00,53.5597
1064725,3272,2.0450,160989.00,53.6194
1064759,3280,2.0500,161449.00,53.7113
1064793,3288,2.0550,160783.00,53.4652
1064827,3296,2.0600,161546.00,53.6214
1064860,3304,2.0650,160904.00,53.5082
1064894,3312,2.0700,160887.00,53.5213
1064928,3320,2.0750,160386.00,53.3575
1064962,3328,2.0800,160349.00,53.3274
1064995,3336,2.0850,160144.00,53.2922
1065029,3344,2.0900,160116.00,53.3057
1065063,3352,2.0950,160254.00,53.2748
1065097,3360,2.1000,160081.00,53.2663
1065130,3368,2.1050,160207.00,53.3408
1065164,3376,2.1100,160608.00,53.4045
1065198,3384,2.1150,160283.00,53.3838
1065232,3392,2.1200,159859.00,52.7928
1065265,3400,2.1250,161258.00,53.0340
1065299,3408,2.1300,159932.00,53.0376
1065333,3416,2.1350,159815.00,53.0422
1065366,3424,2.1400,159910.00,53.0648
1065400,3432,2.1450,159717.00,52.9674
1065434,3440,2.1500,159686.00,52.9483
1065468,3448,2.1550,159427.00,52.8092
1065501,3456,2.1600,159336.00,52.8479
1065535,3464,2.1650,159000.00,52.7665
1065569,3472,2.1700,159103.00,52.7291
1065603,3480,2.1750,159338.00,52.8669
1065636,3488,2.1800,159114.00,52.7928
1065670,3496,2.1850,158858.00,52.5821
1065704,3504,2.1900,159418.00,52.7557
1065738,3512,2.1950,158926.00,52.6940
1065771,3520,2.2000,158633.00,52.6366
1065805,3528,2.2050,158406.00,52.4895
1065839,3536,2.2100,158066.00,52.3967
1065873,3544,2.2150,158260.00,52.4436
1065906,3552,2.2200,157928.00,52.4016
1065940,3560,2.2250,158029.00,52.5046
1065974,3568,2.2300,158366.00,52.5033
1066007,3576,2.2350,157743.00,52.3881
1066041,3584,2.2400,157656.00,52.2792
1066075,3592,2.2450,157103.00,52.0590
1066109,3600,2.2500,156639.00,51.7954
1066142,3608,2.2550,156509.00,51.7659
1066176,3616,2.2600,156169.00,51.8217
1066210,3624,2.2650,156172.00,51.8250
1066244,3632,2.2700,156053.00,51.7183
1066277,3640,2.2750,155942.00,51.6432
1066311,3648,2.2800,155565.00,51.5812
1066345,3656,2.2850,155487.00,51.6297
1066379,3664,2.2900,155653.00,51.6849
1066412,3672,2.2950,155781.00,51.6806
1066446,3680,2.3000,155750.00,51.5972
1066480,3688,2.3050,155318.00,51.5280
1066514,3696,2.3100,155248.00,51.5011
1066547,3704,2.3150,154879.00,51.1749
1066581,3712,2.3200,155218.00,51.3879
1066615,3720,2.3250,154377.00,51.1772
1066648,3728,2.3300,154112.00,51.0951
1066682,3736,2.3350,154010.00,51.1066
1066716,3744,2.3400,153637.00,50.9415
1066750,3752,2.3450,153887.00,51.0269
1066783,3760,2.3500,153807.00,50.9619
1066817,3768,2.3550,153341.00,50.8884
1066851,3776,2.3600,153395.00,50.8316
1066885,3784,2.3650,153116.00,50.7850
1066918,3792,2.3700,153261.00,50.9051
1066952,3800,2.3750,153068.00,50.7843
1066986,3808,2.3800,153209.00,50.7883
1067020,3816,2.3850,152963.00,50.5855
1067053,3824,2.3900,153042.00,50.6413
1067087,3832,2.3950,152451.00,50.5618
1067121,3840,2.4000,152335.00,50.4834
1067155,3848,2.4050,152142.00,50.5189
1067188,3856,2.4100,152092.00,50.4673
1067222,3864,2.4150,152353.00,50.5438
1067256,3872,2.4200,152462.00,50.5851
1067290,3880,2.4250,152420.00,50.6048
1067323,3888,2.4300,152232.00,50.4982
1067357,3896,2.4350,152075.00,50.5592
1067391,3904,2.4400,152201.00,50.5346
1067424,3912,2.4450,151642.00,50.2832
1067458,3920,2.4500,151648.00,50.1858
1067492,3928,2.4550,151757.00,50.1740
1067526,3936,2.4600,150860.00,50.0414
1067559,3944,2.4650,151029.00,50.1559
1067593,3952,2.4700,151137.00,50.1651
1067627,3960,2.4750,151041.00,50.1375
1067661,3968,2.4800,151223.00,50.2206
1067694,3976,2.4850,150949.00,50.1585
1067728,3984,2.4900,151277.00,50.2064
1067762,3992,2.4950,151105.00,50.1677
1067796,4000,2.5000,151889.00,50.3938
1067829,4008,2.5050,151656.00,50.3689
1067863,4016,2.5100,151636.00,50.3239
1067897,4024,2.5150,151234.00,50.0197
1067930,4032,2.5200,151382.00,50.0473
1067964,4040,2.5250,150466.00,49.9114
1067998,4048,2.5300,150572.00,49.9770
1068032,4056,2.5350,150234.00,49.8707
1068065,4064,2.5400,150381.00,49.8681
1068099,4072,2.5450,149991.00,49.7214
1068133,4080,2.5500,150069.00,49.8497
1068167,4088,2.5550,149824.00,49.7168
1068200,4096,2.5600,149794.00,49.7332
1068234,4104,2.5650,149868.00,49.6892
1068268,4112,2.5700,149839.00,49.6607
1068302,4120,2.5750,149742.00,49.6886
1068335,4128,2.5800,149670.00,49.4694
1068369,4136,2.5850,149790.00,49.5412
1068403,4144,2.5900,149338.00,49.5993
1068436,4152,2.5950,149391.00,49.6226
1068470,4160,2.6000,149691.00,49.6407
1068504,4168,2.6050,149605.00,49.6476
1068538,4176,2.6100,149259.00,49.4592
1068571,4184,2.6150,149125.00,49.4740
1068605,4192,2.6200,148753.00,49.3932
1068639,4200,2.6250,148737.00,49.4064
1068673,4208,2.6300,148958.00,49.3817
1068706,4216,2.6350,148836.00,49.4231
1068740,4224,2.6400,148923.00,49.3942
1068774,4232,2.6450,148477.00,49.1855
1068808,4240,2.6500,149438.00,49.5471
1068841,4248,2.6550,149037.00,49.5163
1068875,4256,2.6600,149509.00,49.6390
1068909,4264,2.6650,149390.00,49.6121
1068943,4272,2.6700,149569.00,49.6689
1068976,4280,2.6750,149635.00,49.7555
1069010,4288,2.6800,150327.00,49.8881
1069044,4296,2.6850,149992.00,49.8274
1069077,4304,2.6900,150454.00,49.9157
1069111,4312,2.6950,150675.00,50.0213
1069145,4320,2.7000,150984.00,50.0433
1069179,4328,2.7050,150893.00,50.1040
1069212,4336,2.7100,151128.00,50.0256
1069246,4344,2.7150,151172.00,50.1100
1069280,4352,2.7200,150979.00,50.1861
1069314,4360,2.7250,151143.00,50.1562
1069347,4368,2.7300,151032.00,50.1159
1069381,4376,2.7350,151075.00,50.1566
1069415,4384,2.7400,151272.00,50.2068
1069449,4392,2.7450,150821.00,50.0315
1069482,4400,2.7500,150714.00,50.0387
1069516,4408,2.7550,150867.00,50.0414
1069550,4416,2.7600,150499.00,50.0279
1069583,4424,2.7650,150864.00,50.0486
1069617,4432,2.7700,151367.00,50.2281
1069651,4440,2.7750,151018.00,50.0712
1069685,4448,2.7800,152117.00,50.4106
1069718,4456,2.7850,151579.00,50.3718
1069752,4464,2.7900,152126.00,50.4654
1069786,4472,2.7950,152476.00,50.6977
1069820,4480,2.8000,153035.00,50.8211
1069853,4488,2.8050,152557.00,50.6994
1069887,4496,2.8100,152354.00,50.5441
1069921,4504,2.8150,151850.00,50.4378
1069955,4512,2.8200,151478.00,50.2514
1069988,4520,2.8250,151078.00,50.1995
1070022,4528,2.8300,151407.00,50.1884
1070056,4536,2.8350,150756.00,50.0686
1070089,4544,2.8400,150484.00,49.8776
1070123,4552,2.8450,151022.00,50.0020
1070157,4560,2.8500,150831.00,50.1444
1070191,4568,2.8550,151086.00,50.1592
1070224,4576,2.8600,151407.00,50.2721
1070258,4584,2.8650,151505.00,50.3302
1070292,4592,2.8700,151647.00,50.3843
1070326,4600,2.8750,151593.00,50.2882
1070359,4608,2.8800,151576.00,50.3489
1070393,4616,2.8850,151305.00,50.3384
1070427,4624,2.8900,152212.00,50.4972
1070461,4632,2.8950,151998.00,50.3932
1070494,4640,2.9000,151660.00,50.4037
1070528,4648,2.9050,151830.00,50.4306
1070562,4656,2.9100,151987.00,50.3226
1070596,4664,2.9150,152098.00,50.4529
1070629,4672,2.9200,151969.00,50.3955
1070663,4680,2.9250,151785.00,50.3531
1070697,4688,2.9300,151869.00,50.3213
1070730,4696,2.9350,151719.00,50.3928
1070764,4704,2.9400,152069.00,50.5343
1070798,4712,2.9450,152038.00,50.4732
1070832,4720,2.9500,153191.00,50.8244
1070865,4728,2.9550,152916.00,50.7210
1070899,4736,2.9600,152952.00,50.7686
1070933,4744,2.9650,153035.00,50.7371
1070967,4752,2.9700,153185.00,50.8060
1071000,4760,2.9750,152946.00,50.7253
1071034,4768,2.9800,153603.00,50.7752
1071068,4776,2.9850,152809.00,50.7200
1071102,4784,2.9900,153505.00,50.9356
1071135,4792,2.9950,153495.00,51.0003
1071169,4800,3.0000,153610.00,50.9898
1071203,4808,3.0050,153908.00,51.0144
1071237,4816,3.0100,153408.00,50.9415
1071270,4824,3.0150,153143.00,50.8421
1071304,4832,3.0200,153695.00,50.9632
1071338,4840,3.0250,153459.00,50.9205
1071371,4848,3.0300,153391.00,50.9166
1071405,4856,3.0350,153493.00,50.8700
1071439,4864,3.0400,153725.00,50.8664
1071473,4872,3.0450,154266.00,51.0810
1071506,4880,3.0500,154094.00,51.2185
1071540,4888,3.0550,154336.00,51.2123
1071574,4896,3.0600,154231.00,51.1371
1071608,4904,3.0650,154287.00,51.1617
1071641,4912,3.0700,154517.00,51.1739
1071675,4920,3.0750,154160.00,51.1040
1071709,4928,3.0800,154311.00,51.1568
1071743,4936,3.0850,154316.00,51.1368
1071776,4944,3.0900,154058.00,51.1519
1071810,4952,3.0950,154007.00,51.1076
1071844,4960,3.1000,154261.00,51.1289
1071878,4968,3.1050,153540.00,50.8805
1071911,4976,3.1100,154323.00,51.0692
1071945,4984,3.1150,153807.00,51.1096
1071979,4992,3.1200,154130.00,51.1798
1072013,5000,3.1250,154034.00,51.1398
1072046,5008,3.1300,154406.00,51.2326
1072080,5016,3.1350,154358.00,51.3481
1072114,5024,3.1400,154584.00,51.2438
1072147,5032,3.1450,154951.00,51.4000
1072181,5040,3.1500,154977.00,51.4584
1072215,5048,3.1550,155054.00,51.5250
1072249,5056,3.1600,155814.00,51.6803
1072282,5064,3.1650,156051.00,51.7699
1072316,5072,3.1700,155983.00,51.7301
1072350,5080,3.1750,157081.00,51.9996
1072384,5088,3.1800,156620.00,52.0104
1072417,5096,3.1850,156972.00,52.1545
1072451,5104,3.1900,157660.00,52.3858
1072485,5112,3.1950,157507.00,52.3924
1072519,5120,3.2000,157818.00,52.4334
1072552,5128,3.2050,157821.00,52.3927
1072586,5136,3.2100,157902.00,52.3953
1072620,5144,3.2150,157818.00,52.3871
1072654,5152,3.2200,158011.00,52.4836
1072687,5160,3.2250,157652.00,52.3533
1072721,5168,3.2300,157822.00,52.4951
1072755,5176,3.2350,157994.00,52.2877
1072789,5184,3.2400,158541.00,52.5735
1072822,5192,3.2450,157826.00,52.5243
1072856,5200,3.2500,158171.00,52.4613
1072890,5208,3.2550,158174.00,52.4623
1072924,5216,3.2600,157959.00,52.4823
1072957,5224,3.2650,158214.00,52.5125
1072991,5232,3.2700,158164.00,52.5043
1073025,5240,3.2750,158451.00,52.6572
1073058,5248,3.2800,159014.00,52.7708
1073092,5256,3.2850,158805.00,52.8105
1073126,5264,3.2900,159167.00,52.8751
1073160,5272,3.2950,159280.00,52.9293
1073193,5280,3.3000,159570.00,52.9490
1073227,5288,3.3050,160132.00,53.0428
1073261,5296,3.3100,160425.00,53.2499
1073295,5304,3.3150,160185.00,53.1705
1073328,5312,3.3200,160444.00,53.2844
1073362,5320,3.3250,160622.00,53.3792
1073396,5328,3.3300,160625.00,53.3536
1073430,5336,3.3350,160996.00,53.4790
1073463,5344,3.3400,161471.00,53.4954
1073497,5352,3.3450,161335.00,53.5866
1073531,5360,3.3500,161645.00,53.7126
1073565,5368,3.3550,162065.00,53.7802
1073598,5376,3.3600,162068.00,53.8101
1073632,5384,3.3650,162497.00,53.9827
1073666,5392,3.3700,162574.00,54.0323
1073700,5400,3.3750,161792.00,53.8157
1073733,5408,3.3800,162535.00,54.0185
1073767,5416,3.3850,162711.00,54.0201
1073801,5424,3.3900,162884.00,54.0569
1073834,5432,3.3950,162894.00,54.0933
1073868,5440,3.4000,163005.00,54.1721
1073902,5448,3.4050,163097.00,54.2088
1073936,5456,3.4100,164005.00,54.4484
1073969,5464,3.4150,163761.00,54.4924
1074003,5472,3.4200,164659.00,54.6607
1074037,5480,3.4250,164935.00,54.8084
1074071,5488,3.4300,164662.00,54.7395
1074104,5496,3.4350,164927.00,54.6141
1074138,5504,3.4400,165861.00,54.9430
1074172,5512,3.4450,165721.00,55.0585
1074206,5520,3.4500,166363.00,55.2081
1074239,5528,3.4550,166365.00,55.2865
1074273,5536,3.4600,166975.00,55.4208
1074307,5544,3.4650,167029.00,55.4608
1074341,5552,3.4700,167634.00,55.5868
1074374,5560,3.4750,167868.00,55.7772
1074408,5568,3.4800,168387.00,55.8792
1074442,5576,3.4850,168641.00,55.9708
1074476,5584,3.4900,168921.00,55.9698
1074509,5592,3.4950,168630.00,55.9852
1074543,5600,3.5000,169016.00,55.9711
1074577,5608,3.5050,169752.00,56.2097
1074610,5616,3.5100,169816.00,56.2510
1074644,5624,3.5150,170134.00,56.4000
1074678,5632,3.5200,169900.00,56.3912
1074712,5640,3.5250,170220.00,56.4519
1074745,5648,3.5300,171119.00,56.8070
1074779,5656,3.5350,171549.00,56.8664
1074813,5664,3.5400,171962.00,56.9842
1074847,5672,3.5450,172072.00,57.0344
1074880,5680,3.5500,172692.00,57.3022
1074914,5688,3.5550,172899.00,57.3389
1074948,5696,3.5600,172932.00,57.3311
1074982,5704,3.5650,173036.00,57.2891
1075015,5712,3.5700,174224.00,57.5628
1075049,5720,3.5750,173997.00,57.6688
1075083,5728,3.5800,174550.00,57.8998
1075117,5736,3.5850,175095.00,58.1151
1075150,5744,3.5900,176864.00,58.7297
1075184,5752,3.5950,178858.00,59.4245
1075218,5760,3.6000,181366.00,60.2754
1075252,5768,3.6050,184539.00,61.4181
1075285,5776,3.6100,188549.00,62.6182
1075319,5784,3.6150,192048.00,63.8479
1075353,5792,3.6200,195839.00,65.0858
1075488,5800,3.6250,198530.00,66.8500
1075522,5808,3.6300,203126.00,67.4988
1075555,5816,3.6350,209418.00,69.6841
1075589,5824,3.6400,216465.00,72.0562
1075623,5832,3.6450,225487.00,75.2759
1075656,5840,3.6500,236412.00,78.9087
1075690,5848,3.6550,247981.00,82.7139
1075724,5856,3.6600,260550.00,86.8489
1075758,5864,3.6650,272996.00,90.9815
1075791,5872,3.6700,285271.00,95.1323
1075825,5880,3.6750,298371.00,99.3230
1075859,5888,3.6800,310117.00,103.0041
1075893,5896,3.6850,320740.00,106.2813
1075926,5904,3.6900,328960.00,108.5191
1075960,5912,3.6950,332331.00,108.7609
1075994,5920,3.7000,331667.00,108.4925
1076028,5928,3.7050,327062.00,107.1391
1076061,5936,3.7100,324056.00,106.3170
1076095,5944,3.7150,322103.00,105.6328
1076129,5952,3.7200,320364.00,105.1369
1076163,5960,3.7250,319797.00,104.8823
1076196,5968,3.7300,318810.00,104.5629
1076230,5976,3.7350,317694.00,104.1235
1076264,5984,3.7400,316383.00,103.8377
1076298,5992,3.7450,314476.00,103.8843
1076331,6000,3.7500,322986.00,107.5122
1076365,6008,3.7550,341439.00,113.2392
1076399,6016,3.7600,354496.00,117.2826
1076433,6024,3.7650,369900.00,122.9127
1076466,6032,3.7700,385776.00,128.1303
1076500,6040,3.7750,401791.00,133.4063
1076534,6048,3.7800,418546.00,138.9265
1076567,6056,3.7850,435909.00,144.6679
1076601,6064,3.7900,452939.00,150.1684
1076635,6072,3.7950,470068.00,155.7224
1076669,6080,3.8000,487573.00,161.6219
1076702,6088,3.8050,505602.00,167.5481
1076736,6096,3.8100,523387.00,173.3725
1076770,6104,3.8150,541012.00,179.1418
1076804,6112,3.8200,558688.00,184.8989
1076837,6120,3.8250,576864.00,190.3419
1076871,6128,3.8300,594928.00,196.8516
1076905,6136,3.8350,613005.00,202.7397
1076939,6144,3.8400,630623.00,208.5240
1076972,6152,3.8450,649385.00,214.6818
1077006,6160,3.8500,667854.00,220.6949
1077040,6168,3.8550,685955.00,226.5463
1077074,6176,3.8600,703448.00,232.4648
1077107,6184,3.8650,722624.00,238.6575
1077141,6192,3.8700,742178.00,245.0867
1077175,6200,3.8750,761309.00,251.2478
1077197,6200,3.8750,776404.00,255.7920
1077231,6192,3.8700,775762.00,252.7856
1077265,6184,3.8650,743163.00,241.8325
1077299,6176,3.8600,716253.00,233.2958
1077332,6168,3.8550,691422.00,225.1181
1077366,6160,3.8500,666702.00,217.1477
1077400,6152,3.8450,644435.00,209.8922
1077433,6144,3.8400,621927.00,202.4981
1077467,6136,3.8350,599347.00,195.1028
1077501,6128,3.8300,576802.00,187.8629
1077535,6120,3.8250,556147.00,181.0163
1077568,6112,3.8200,534962.00,174.0449
1077602,6104,3.8150,515070.00,167.6807
1077636,6096,3.8100,495410.00,161.1471
1077670,6088,3.8050,476388.00,155.3880
1077703,6080,3.8000,458619.00,149.1724
1077737,6072,3.7950,439994.00,143.0224
1077771,6064,3.7900,421102.00,136.8289
1077805,6056,3.7850,403064.00,131.0278
1077838,6048,3.7800,386378.00,125.5217
1077872,6040,3.7750,369205.00,119.8952
1077906,6032,3.7700,351914.00,114.2476
1077940,6024,3.7650,335565.00,108.9486
1077973,6016,3.7600,320209.00,103.8974
1078007,6008,3.7550,304805.00,98.9384
1078041,6000,3.7500,290320.00,94.3295
1078075,5992,3.7450,279104.00,91.1427
1078108,5984,3.7400,284949.00,97.5538
1078142,5976,3.7350,304337.00,100.4037
1078176,5968,3.7300,308007.00,101.3032
1078210,5960,3.7250,310186.00,101.9133
1078243,5952,3.7200,311513.00,102.2897
1078277,5944,3.7150,313067.00,102.7570
1078311,5936,3.7100,313430.00,102.6819
1078344,5928,3.7050,313327.00,102.5785
1078378,5920,3.7000,311352.00,102.0423
1078412,5912,3.6950,307187.00,100.5999
1078446,5904,3.6900,299084.00,97.9509
1078479,5896,3.6850,288268.00,94.2344
1078513,5888,3.6800,274616.00,89.5740
1078547,5880,3.6750,265040.00,86.7284
1078581,5872,3.6700,253461.00,82.4681
1078614,5864,3.6650,241832.00,78.4723
1078648,5856,3.6600,229922.00,74.5519
1078682,5848,3.6550,218703.00,70.8737
1078716,5840,3.6500,207712.00,67.1536
1078749,5832,3.6450,198065.00,64.1915
1078783,5824,3.6400,189882.00,61.4985
1078817,5816,3.6350,183234.00,59.3470
1078851,5808,3.6300,177627.00,57.5815
1078884,5800,3.6250,172754.00,55.9974
1078918,5792,3.6200,167877.00,54.4320
1078952,5784,3.6150,164690.00,53.3969
1078986,5776,3.6100,162012.00,52.6576
1079019,5768,3.6050,158867.00,51.6015
1079053,5760,3.6000,156535.00,50.7036
1079087,5752,3.5950,153786.00,49.8153
1079120,5744,3.5900,151258.00,48.9673
1079154,5736,3.5850,148748.00,48.2239
1079188,5728,3.5800,147625.00,47.8597
1079222,5720,3.5750,146565.00,47.4724
1079255,5712,3.5700,145693.00,47.2955
1079289,5704,3.5650,145126.00,47.0261
1079323,5696,3.5600,144488.00,46.9145
1079357,5688,3.5550,143985.00,46.6192
1079390,5680,3.5500,143155.00,46.4236
1079435,5672,3.5450,143219.00,45.9254
1079469,5664,3.5400,142395.00,45.9901
1079503,5656,3.5350,140914.00,45.6839
1079537,5648,3.5300,140456.00,45.4978
1079570,5640,3.5250,139528.00,45.1956
1079604,5632,3.5200,138834.00,44.9872
1079638,5624,3.5150,138715.00,44.9737
1079672,5616,3.5100,137971.00,44.7141
1079705,5608,3.5050,137451.00,44.5901
1079739,5600,3.5000,136734.00,44.3318
1079773,5592,3.4950,135967.00,44.1389
1079806,5584,3.4900,135845.00,44.0693
1079840,5576,3.4850,135353.00,43.8661
1079874,5568,3.4800,135287.00,43.9794
1079908,5560,3.4750,133981.00,43.5153
1079941,5552,3.4700,133819.00,43.2833
1079975,5544,3.4650,133541.00,43.2429
1080009,5536,3.4600,132213.00,42.8501
1080043,5528,3.4550,131736.00,42.6860
1080076,5520,3.4500,131032.00,42.4553
1080110,5512,3.4450,130581.00,42.2660
1080144,5504,3.4400,130226.00,42.1068
1080178,5496,3.4350,129850.00,42.0622
1080211,5488,3.4300,129625.00,41.9358
1080245,5480,3.4250,129502.00,41.8748
1080279,5472,3.4200,129398.00,41.8709
1080313,5464,3.4150,128820.00,41.7790
1080346,5456,3.4100,129088.00,41.9211
1080380,5448,3.4050,128634.00,41.7524
1080414,5440,3.4000,128771.00,41.6959
1080448,5432,3.3950,128357.00,41.5443
1080481,5424,3.3900,128346.00,41.5601
1080515,5416,3.3850,128387.00,41.5217
1080549,5408,3.3800,128228.00,41.6008
1080582,5400,3.3750,127867.00,41.4337
1080616,5392,3.3700,127817.00,41.3599
1080650,5384,3.3650,127449.00,41.2368
1080684,5376,3.3600,127246.00,41.1646
1080717,5368,3.3550,126300.00,40.8916
1080751,5360,3.3500,126025.00,40.7741
1080785,5352,3.3450,125997.00,40.9480
1080819,5344,3.3400,124970.00,40.6202
1080852,5336,3.3350,125420.00,40.6369
1080886,5328,3.3300,124982.00,40.4948
1080920,5320,3.3250,125162.00,40.4220
1080954,5312,3.3200,124717.00,40.3987
1080987,5304,3.3150,124475.00,40.2914
1081021,5296,3.3100,124343.00,40.2746
1081055,5288,3.3050,124462.00,40.2910
1081089,5280,3.3000,124781.00,40.3977
1081122,5272,3.2950,124590.00,40.3993
1081156,5264,3.2900,124554.00,40.3170
1081190,5256,3.2850,124589.00,40.3176
1081224,5248,3.2800,124335.00,40.3905
1081257,5240,3.2750,123924.00,40.2018
1081291,5232,3.2700,123568.00,40.0564
1081325,5224,3.2650,123397.00,39.9274
1081359,5216,3.2600,123661.00,40.0022
1081392,5208,3.2550,123211.00,39.9100
1081426,5200,3.2500,123087.00,39.8798
1081460,5192,3.2450,123223.00,39.8739
1081493,5184,3.2400,123171.00,39.8119
1081527,5176,3.2350,122998.00,39.8838
1081561,5168,3.2300,122709.00,39.7312
1081595,5160,3.2250,122577.00,39.6882
1081628,5152,3.2200,122594.00,39.7161
1081662,5144,3.2150,122721.00,39.8237
1081696,5136,3.2100,121978.00,39.6186
1081730,5128,3.2050,122204.00,39.4955
1081763,5120,3.2000,121654.00,39.3213
1081797,5112,3.1950,121614.00,39.3203
1081831,5104,3.1900,121395.00,39.2383
1081865,5096,3.1850,121052.00,39.1181
1081898,5088,3.1800,120823.00,39.0204
1081932,5080,3.1750,119983.00,38.8494
1081966,5072,3.1700,120210.00,38.8993
1082000,5064,3.1650,120171.00,38.8471
1082033,5056,3.1600,120774.00,39.1296
1082067,5048,3.1550,120576.00,39.0696
1082101,5040,3.1500,120885.00,39.2448
1082135,5032,3.1450,119816.00,38.8894
1082168,5024,3.1400,119786.00,38.8195
1082202,5016,3.1350,119437.00,38.6669
1082236,5008,3.1300,119736.00,38.8254
1082270,5000,3.1250,119630.00,38.7618
1082303,4992,3.1200,119671.00,38.7427
1082337,4984,3.1150,119750.00,38.7230
1082371,4976,3.1100,119162.00,38.6390
1082404,4968,3.1050,119015.00,38.6187
1082438,4960,3.1000,119148.00,38.5442
1082472,4952,3.0950,118761.00,38.4218
1082506,4944,3.0900,118472.00,38.3653
1082539,4936,3.0850,118561.00,38.4155
1082573,4928,3.0800,117696.00,38.2869
1082607,4920,3.0750,117993.00,38.1914
1082641,4912,3.0700,118219.00,38.3007
1082674,4904,3.0650,117968.00,38.2452
1082708,4896,3.0600,117563.00,38.0627
1082742,4888,3.0550,117615.00,38.0552
1082776,4880,3.0500,117163.00,37.8911
1082809,4872,3.0450,117175.00,37.8964
1082843,4864,3.0400,117278.00,37.9604
1082877,4856,3.0350,116684.00,37.7904
1082911,4848,3.0300,116636.00,37.7595
1082944,4840,3.0250,116611.00,37.8192
1082978,4832,3.0200,116841.00,37.9692
1083012,4824,3.0150,116594.00,37.8448
1083045,4816,3.0100,116660.00,37.7726
1083079,4808,3.0050,116255.00,37.6118
1083113,4800,3.0000,116071.00,37.5551
1083147,4792,2.9950,116138.00,37.5853
1083180,4784,2.9900,115754.00,37.3815
1083214,4776,2.9850,115603.00,37.4228
1083248,4768,2.9800,116142.00,37.5521
1083282,4760,2.9750,115150.00,37.2679
1083315,4752,2.9700,115600.00,37.2403
1083349,4744,2.9650,114846.00,37.1386
1083383,4736,2.9600,114557.00,37.0507
1083417,4728,2.9550,114626.00,37.2210
1083450,4720,2.9500,114093.00,37.0471
1083484,4712,2.9450,114248.00,36.9414
1083518,4704,2.9400,114462.00,37.0251
1083552,4696,2.9350,114213.00,36.9814
1083585,4688,2.9300,114155.00,36.9604
1083619,4680,2.9250,114346.00,36.9778
1083653,4672,2.9200,114228.00,37.1353
1083687,4664,2.9150,114787.00,37.1750
1083720,4656,2.9100,115071.00,37.2233
1083754,4648,2.9050,114731.00,37.1613
1083788,4640,2.9000,114517.00,37.0713
1083822,4632,2.8950,115123.00,37.2111
1083855,4624,2.8900,114635.00,37.1393
1083889,4616,2.8850,114466.00,37.1193
1083923,4608,2.8800,114419.00,37.1494
1083956,4600,2.8750,114794.00,37.1849
1083990,4592,2.8700,114778.00,37.1442
1084024,4584,2.8650,115107.00,37.2574
1084058,4576,2.8600,115062.00,37.1701
1084091,4568,2.8550,114564.00,37.0546
1084125,4560,2.8500,114044.00,36.7980
1084159,4552,2.8450,114230.00,36.9178
1084193,4544,2.8400,114532.00,37.0408
1084226,4536,2.8350,113929.00,36.8442
1084260,4528,2.8300,113991.00,36.8452
1084294,4520,2.8250,113575.00,36.7599
1084328,4512,2.8200,113047.00,36.7277
1084361,4504,2.8150,113153.00,36.7445
1084395,4496,2.8100,113337.00,36.7471
1084429,4488,2.8050,113076.00,36.5889
1084463,4480,2.8000,113426.00,36.7783
1084496,4472,2.7950,113770.00,36.8679
1084530,4464,2.7900,114074.00,36.9246
1084564,4456,2.7850,113654.00,36.8242
1084598,4448,2.7800,113472.00,36.7330
1084631,4440,2.7750,113622.00,36.7816
1084665,4432,2.7700,113542.00,36.6854
1084699,4424,2.7650,113708.00,36.8675
1084732,4416,2.7600,114063.00,36.9873
1084766,4408,2.7550,114259.00,37.0815
1084800,4400,2.7500,113847.00,36.9863
1084834,4392,2.7450,114095.00,36.9584
1084867,4384,2.7400,113861.00,36.9109
1084901,4376,2.7350,114167.00,37.0057
1084935,4368,2.7300,113976.00,37.0064
1084969,4360,2.7250,114236.00,37.0178
1085002,4352,2.7200,114472.00,37.0418
1085036,4344,2.7150,114707.00,37.1383
1085070,4336,2.7100,114620.00,37.1990
1085104,4328,2.7050,114818.00,37.2315
1085137,4320,2.7000,114378.00,36.9932
1085171,4312,2.6950,114228.00,36.9778
1085205,4304,2.6900,114413.00,37.1718
1085239,4296,2.6850,113618.00,36.9227
1085272,4288,2.6800,113910.00,36.9493
1085306,4280,2.6750,114240.00,36.9945
1085340,4272,2.6700,114303.00,37.0638
1085374,4264,2.6650,114311.00,37.0208
1085407,4256,2.6600,113901.00,36.9443
1085441,4248,2.6550,113876.00,36.9214
1085475,4240,2.6500,113820.00,36.8495
1085509,4232,2.6450,113952.00,36.9512
1085542,4224,2.6400,114214.00,37.0612
1085576,4216,2.6350,114626.00,37.1176
1085610,4208,2.6300,115057.00,37.2479
1085644,4200,2.6250,115125.00,37.4445
1085677,4192,2.6200,114962.00,37.3647
1085711,4184,2.6150,115490.00,37.3933
1085745,4176,2.6100,115393.00,37.3519
1085778,4168,2.6050,115564.00,37.3788
1085812,4160,2.6000,115744.00,37.4796
1085846,4152,2.5950,115744.00,37.5200
1085880,4144,2.5900,115820.00,37.5564
1085913,4136,2.5850,115978.00,37.5931
1085947,4128,2.5800,116051.00,37.6233
1085981,4120,2.5750,115932.00,37.5797
1086015,4112,2.5700,115902.00,37.6112
1086048,4104,2.5650,115580.00,37.4113
1086082,4096,2.5600,115752.00,37.7398
1086116,4088,2.5550,115572.00,37.5731
1086150,4080,2.5500,116549.00,37.7562
1086183,4072,2.5450,116080.00,37.7556
1086217,4064,2.5400,116885.00,37.9229
1086251,4056,2.5350,116733.00,37.8580
1086285,4048,2.5300,116673.00,37.8465
1086318,4040,2.5250,116744.00,37.8484
1086352,4032,2.5200,116910.00,37.9108
1086386,4024,2.5150,116474.00,37.7677
1086420,4016,2.5100,116601.00,37.8251
1086453,4008,2.5050,116439.00,37.8009
1086487,4000,2.5000,116907.00,37.9243
1086521,3992,2.4950,116926.00,38.0952
1086555,3984,2.4900,116830.00,38.0296
1086588,3976,2.4850,116878.00,37.8402
1086622,3968,2.4800,116667.00,37.8379
1086656,3960,2.4750,116613.00,37.7835
1086690,3952,2.4700,116411.00,37.7743
1086723,3944,2.4650,116942.00,37.8370
1086757,3936,2.4600,117007.00,37.9019
1086791,3928,2.4550,117030.00,37.9259
1086825,3920,2.4500,117592.00,38.1665
1086858,3912,2.4450,118156.00,38.3867
1086892,3904,2.4400,118479.00,38.3932
1086926,3896,2.4350,118297.00,38.3023
1086959,3888,2.4300,118370.00,38.5202
1086993,3880,2.4250,117900.00,38.3217
1087027,3872,2.4200,118436.00,38.3965
1087061,3864,2.4150,118189.00,38.2409
1087094,3856,2.4100,118159.00,38.3263
1087128,3848,2.4050,117929.00,38.1448
1087162,3840,2.4000,117848.00,38.2160
1087196,3832,2.3950,117200.00,37.9994
1087229,3824,2.3900,117206.00,37.8616
1087263,3816,2.3850,117130.00,37.9367
1087297,3808,2.3800,117059.00,37.8954
1087331,3800,2.3750,116945.00,37.8885
1087364,3792,2.3700,117006.00,37.8468
1087398,3784,2.3650,117031.00,37.9567
1087432,3776,2.3600,117534.00,38.1901
1087466,3768,2.3550,116850.00,37.9331
1087499,3760,2.3500,117019.00,38.0030
1087533,3752,2.3450,117254.00,37.9587
1087567,3744,2.3400,117402.00,38.0627
1087601,3736,2.3350,117765.00,38.1582
1087634,3728,2.3300,118109.00,38.2239
1087668,3720,2.3250,118181.00,38.2134
1087702,3712,2.3200,118373.00,38.3213
1087736,3704,2.3150,118325.00,38.2984
1087769,3696,2.3100,118266.00,38.3102
1087803,3688,2.3050,118143.00,38.2948
1087837,3680,2.3000,118412.00,38.2879
1087871,3672,2.2950,118126.00,38.3735
1087904,3664,2.2900,117682.00,38.2281
1087938,3656,2.2850,117891.00,38.1323
1087972,3648,2.2800,117887.00,38.1156
1088005,3640,2.2750,117462.00,38.1110
1088039,3632,2.2700,117791.00,38.1087
1088073,3624,2.2650,117958.00,38.1487
1088107,3616,2.2600,117685.00,38.1064
1088140,3608,2.2550,117952.00,38.1966
1088174,3600,2.2500,117565.00,38.1448
1088208,3592,2.2450,117691.00,38.1271
1088242,3584,2.2400,118082.00,38.2557
1088275,3576,2.2350,118163.00,38.3154
1088309,3568,2.2300,118465.00,38.5137
1088343,3560,2.2250,118108.00,38.4506
1088377,3552,2.2200,118880.00,38.5068
1088410,3544,2.2150,119266.00,38.6285
1088444,3536,2.2100,118981.00,38.6357
1088478,3528,2.2050,119136.00,38.4913
1088512,3520,2.2000,118989.00,38.5294
1088545,3512,2.1950,118834.00,38.5212
1088579,3504,2.1900,118800.00,38.4644
1088613,3496,2.1850,118528.00,38.4224
1088647,3488,2.1800,118584.00,38.3968
1088680,3480,2.1750,118969.00,38.5045
1088714,3472,2.1700,119039.00,38.5445
1088748,3464,2.1650,119093.00,38.6393
1088782,3456,2.1600,118554.00,38.5813
1088815,3448,2.1550,118987.00,38.5347
1088849,3440,2.1500,119066.00,38.5501
1088883,3432,2.1450,119007.00,38.5622
1088917,3424,2.1400,119497.00,38.6807
1088950,3416,2.1350,119626.00,38.7552
1088984,3408,2.1300,119787.00,38.7854
1089018,3400,2.1250,119871.00,38.8070
1089052,3392,2.1200,120101.00,38.9094
1089085,3384,2.1150,120348.00,38.9770
1089119,3376,2.1100,120353.00,39.0204
1089153,3368,2.1050,120191.00,38.9770
1089186,3360,2.1000,120784.00,39.3026
1089220,3352,2.0950,120530.00,39.1726
1089254,3344,2.0900,121418.00,39.3420
1089288,3336,2.0850,121583.00,39.4109
1089321,3328,2.0800,121725.00,39.4949
1089355,3320,2.0750,121856.00,39.5083
1089389,3312,2.0700,121998.00,39.5858
1089423,3304,2.0650,122011.00,39.5392
1089456,3296,2.0600,122064.00,39.5704
1089490,3288,2.0550,122206.00,39.5842
1089524,3280,2.0500,122009.00,39.5786
1089558,3272,2.0450,121974.00,39.5851
1089591,3264,2.0400,122063.00,39.5395
1089625,3256,2.0350,122022.00,39.6806
1089659,3248,2.0300,121543.00,39.5047
1089693,3240,2.0250,121634.00,39.4076
1089726,3232,2.0200,121573.00,39.4138
1089760,3224,2.0150,121912.00,39.5313
1089794,3216,2.0100,121912.00,39.5120
1089828,3208,2.0050,122176.00,39.6701
1089861,3200,2.0000,122470.00,39.6908
1089895,3192,1.9950,122274.00,39.6380
1089929,3184,1.9900,122932.00,39.8004
1089963,3176,1.9850,123080.00,39.9251
1089996,3168,1.9800,124297.00,40.2293
1090030,3160,1.9750,124353.00,40.4138
1090064,3152,1.9700,125150.00,40.7072
1090098,3144,1.9650,123852.00,40.2037
1090131,3136,1.9600,123390.00,39.8782
1090165,3128,1.9550,122869.00,39.9002
1090199,3120,1.9500,123313.00,39.9363
1090232,3112,1.9450,123671.00,40.1388
1090266,3104,1.9400,124287.00,40.3019
1090300,3096,1.9350,124560.00,40.3977
1090334,3088,1.9300,124832.00,40.5641
1090367,3080,1.9250,124788.00,40.4742
1090401,3072,1.9200,125423.00,40.6261
1090435,3064,1.9150,125304.00,40.7006
1090469,3056,1.9100,125204.00,40.6330
1090502,3048,1.9050,125404.00,40.6254
1090536,3040,1.9000,125383.00,40.5601
1090570,3032,1.8950,125899.00,40.7905
1090604,3024,1.8900,125838.00,40.8795
1090637,3016,1.8850,125945.00,40.9064
1090671,3008,1.8800,126243.00,40.9198
1090705,3000,1.8750,126352.00,41.0022
1090739,2992,1.8700,126848.00,41.2132
1090772,2984,1.8650,127097.00,41.2335
1090806,2976,1.8600,127729.00,41.4094
1090840,2968,1.8550,127902.00,41.5591
1090874,2960,1.8500,128230.00,41.6950
1090907,2952,1.8450,128135.00,41.6162
1090941,2944,1.8400,128104.00,41.6362
1090975,2936,1.8350,128103.00,41.6897
1091008,2928,1.8300,128016.00,41.6395
1091042,2920,1.8250,128479.00,41.7094
1091076,2912,1.8200,128606.00,41.7196
1091110,2904,1.8150,128631.00,41.7803
1091143,2896,1.8100,128846.00,41.8971
1091177,2888,1.8050,128661.00,41.7261
1091211,2880,1.8000,128525.00,41.7996
1091245,2872,1.7950,128803.00,41.6575
1091278,2864,1.7900,128214.00,41.5309
1091312,2856,1.7850,128364.00,41.7252
1091346,2848,1.7800,128498.00,41.7396
1091380,2840,1.7750,128511.00,41.6772
1091413,2832,1.7700,129129.00,42.0418
1091447,2824,1.7650,129144.00,41.9749
1091481,2816,1.7600,129504.00,41.9667
1091515,2808,1.7550,129755.00,42.0563
1091548,2800,1.7500,129937.00,42.0835
1091582,2792,1.7450,129769.00,42.0842
1091616,2784,1.7400,129572.00,42.0878
1091650,2776,1.7350,129273.00,41.9381
1091683,2768,1.7300,129585.00,42.0159
1091717,2760,1.7250,129545.00,42.0287
1091751,2752,1.7200,129474.00,42.0507
1091785,2744,1.7150,129990.00,42.1747
1091818,2736,1.7100,130166.00,42.2440
1091852,2728,1.7050,130575.00,42.4832
1091886,2720,1.7000,130411.00,42.4488
1091919,2712,1.6950,131095.00,42.5571
1091953,2704,1.6900,131329.00,42.6096
1091987,2696,1.6850,131334.00,42.6421
1092021,2688,1.6800,131550.00,42.7691
1092054,2680,1.6750,131721.00,42.7047
1092088,2672,1.6700,131664.00,42.8147
1092122,2664,1.6650,132460.00,43.0037
1092156,2656,1.6600,132529.00,43.0129
1092189,2648,1.6550,132807.00,43.2466
1092223,2640,1.6500,133120.00,43.1514
1092257,2632,1.6450,132799.00,43.0877
1092291,2624,1.6400,132741.00,43.2114
1092324,2616,1.6350,132052.00,42.9486
1092358,2608,1.6300,132564.00,43.0080
1092392,2600,1.6250,132337.00,42.9076
1092426,2592,1.6200,131913.00,42.8524
1092459,2584,1.6150,132357.00,42.9243
1092493,2576,1.6100,132423.00,42.9512
1092527,2568,1.6050,132550.00,43.0999
1092561,2560,1.6000,133136.00,43.2489
1092594,2552,1.5950,133123.00,43.1957
1092628,2544,1.5900,133470.00,43.4103
1092662,2536,1.5850,133768.00,43.4060
1092696,2528,1.5800,134512.00,43.7421
1092729,2520,1.5750,134878.00,43.9571
1092763,2512,1.5700,134611.00,44.0158
1092797,2504,1.5650,135694.00,44.1208
1092831,2496,1.5600,135993.00,44.2426
1092864,2488,1.5550,136279.00,44.2422
1092898,2480,1.5500,136454.00,44.3052
1092932,2472,1.5450,136321.00,44.2524
1092965,2464,1.5400,136018.00,44.1828
1092999,2456,1.5350,135811.00,44.1215
1093033,2448,1.5300,135842.00,44.0676
1093067,2440,1.5250,135614.00,43.9823
1093100,2432,1.5200,135654.00,44.0496
1093134,2424,1.5150,135844.00,44.0952
1093168,2416,1.5100,136031.00,44.2846
1093202,2408,1.5050,135670.00,44.2432
1093235,2400,1.5000,136080.00,44.1605
1093269,2392,1.4950,135806.00,44.1569
1093303,2384,1.4900,136237.00,44.2705
1093337,2376,1.4850,136215.00,44.2074
1093370,2368,1.4800,136431.00,44.2790
1093404,2360,1.4750,136550.00,44.3879
1093438,2352,1.4700,136807.00,44.4073
1093472,2344,1.4650,137363.00,44.6114
1093505,2336,1.4600,138182.00,44.8667
1093539,2328,1.4550,137850.00,44.8018
1093573,2320,1.4500,137959.00,44.8855
1093618,2312,1.4450,138518.00,44.6160
1093652,2304,1.4400,139257.00,45.0154
1093685,2296,1.4350,139010.00,45.1326
1093719,2288,1.4300,138973.00,45.1654
1093753,2280,1.4250,139407.00,45.2816
1093787,2272,1.4200,139953.00,45.4496
1093820,2264,1.4150,140002.00,45.4771
1093854,2256,1.4100,139490.00,45.4086
1093888,2248,1.4050,139623.00,45.3531
1093922,2240,1.4000,140183.00,45.5054
1093955,2232,1.3950,139832.00,45.4397
1093989,2224,1.3900,139833.00,45.4164
1094023,2216,1.3850,139498.00,45.3226
1094057,2208,1.3800,139606.00,45.4187
1094090,2200,1.3750,140113.00,45.6937
1094124,2192,1.3700,139162.00,45.4466
1094158,2184,1.3650,140121.00,45.4519
1094191,2176,1.3600,140005.00,45.4135
1094225,2168,1.3550,139741.00,45.3895
1094259,2160,1.3500,140035.00,45.5277
1094293,2152,1.3450,140163.00,45.5044
1094326,2144,1.3400,140284.00,45.5681
1094360,2136,1.3350,140319.00,45.5543
1094394,2128,1.3300,140250.00,45.5526
1094428,2120,1.3250,139773.00,45.3899
1094461,2112,1.3200,140233.00,45.5208
1094495,2104,1.3150,140256.00,45.5329
1094529,2096,1.3100,140287.00,45.6668
1094563,2088,1.3050,139966.00,45.6015
1094596,2080,1.3000,140332.00,45.5290
1094630,2072,1.2950,140390.00,45.5763
1094664,2064,1.2900,140287.00,45.5356
1094698,2056,1.2850,140210.00,45.5129
1094731,2048,1.2800,140180.00,45.4689
1094765,2040,1.2750,139815.00,45.3416
1094799,2032,1.2700,140321.00,45.4282
1094833,2024,1.2650,140148.00,45.5149
1094866,2016,1.2600,140732.00,45.7180
1094900,2008,1.2550,140907.00,45.7462
1094934,2000,1.2500,141335.00,45.8877
1094968,1992,1.2450,141750.00,46.1276
1095001,1984,1.2400,141435.00,45.9825
1095035,1976,1.2350,141342.00,45.8880
1095069,1968,1.2300,141326.00,45.8844
1095103,1960,1.2250,141692.00,45.8703
1095136,1952,1.2200,141335.00,45.7892
1095170,1944,1.2150,141618.00,45.9386
1095204,1936,1.2100,141491.00,45.9139
1095238,1928,1.2050,141718.00,45.9966
1095271,1920,1.2000,141788.00,45.9855
1095305,1912,1.1950,141737.00,45.8920
1095339,1904,1.1900,141840.00,45.9599
1095372,1896,1.1850,141593.00,45.8536
1095406,1888,1.1800,141652.00,46.0537
1095440,1880,1.1750,141301.00,45.9881
1095474,1872,1.1700,141872.00,45.9940
1095507,1864,1.1650,141034.00,45.7472
1095541,1856,1.1600,141034.00,45.7771
1095575,1848,1.1550,140965.00,45.7449
1095609,1840,1.1500,141221.00,45.7869
1095642,1832,1.1450,140820.00,45.6980
1095676,1824,1.1400,141133.00,45.7610
1095710,1816,1.1350,141063.00,45.7581
1095744,1808,1.1300,141317.00,45.7919
1095777,1800,1.1250,141778.00,45.9080
1095811,1792,1.1200,141920.00,46.0196
1095845,1784,1.1150,142316.00,46.3258
1095879,1776,1.1100,141782.00,46.1033
1095912,1768,1.1050,142322.00,46.1689
1095946,1760,1.1000,142162.00,46.1040
1095980,1752,1.0950,141640.00,45.9786
1096013,1744,1.0900,141363.00,45.8457
1096047,1736,1.0850,141500.00,45.9576
1096081,1728,1.0800,141302.00,45.8480
1096115,1720,1.0750,141780.00,46.0032
1096148,1712,1.0700,141620.00,45.8929
1096182,1704,1.0650,141551.00,45.9625
1096216,1696,1.0600,142655.00,46.2867
1096250,1688,1.0550,142691.00,46.2283
1096283,1680,1.0500,143095.00,46.5453
1096317,1672,1.0450,142688.00,46.3954
1096351,1664,1.0400,143044.00,46.4075
1096385,1656,1.0350,143584.00,46.6366
1096418,1648,1.0300,143683.00,46.5155
1096452,1640,1.0250,143249.00,46.5696
1096486,1632,1.0200,143549.00,46.5299
1096520,1624,1.0150,143339.00,46.4837
1096553,1616,1.0100,143921.00,46.6641
1096587,1608,1.0050,143818.00,46.6517
1096621,1600,1.0000,144173.00,46.6405
1096655,1592,0.9950,143312.00,46.4098
1096688,1584,0.9900,143775.00,46.5670
1096722,1576,0.9850,143979.00,46.8637
1096756,1568,0.9800,142870.00,46.5250
1096790,1560,0.9750,144111.00,46.6553
1096823,1552,0.9700,143908.00,46.6973
1096857,1544,0.9650,143377.00,46.4233
1096891,1536,0.9600,143536.00,46.5119
1096925,1528,0.9550,143322.00,46.4600
1096958,1520,0.9500,143307.00,46.3973
1096992,1512,0.9450,142902.00,46.3301
1097026,1504,0.9400,142803.00,46.2894
1097060,1496,0.9350,142730.00,46.3212
1097093,1488,0.9300,142317.00,46.0987
1097127,1480,0.9250,142637.00,46.2664
1097161,1472,0.9200,142808.00,46.5293
1097194,1464,0.9150,141896.00,46.1502
1097228,1456,0.9100,142484.00,46.1712
1097262,1448,0.9050,142957.00,46.4279
1097296,1440,0.9000,142774.00,46.3832
1097329,1432,0.8950,143164.00,46.3432
1097363,1424,0.8900,143559.00,46.5565
1097397,1416,0.8850,143512.00,46.4948
1097431,1408,0.8800,143465.00,46.4564
1097464,1400,0.8750,143648.00,46.5516
1097498,1392,0.8700,143951.00,46.5480
1097532,1384,0.8650,143435.00,46.4810
1097566,1376,0.8600,143700.00,46.5220
1097599,1368,0.8550,143755.00,46.6254
1097633,1360,0.8500,144188.00,46.8922
1097667,1352,0.8450,143759.00,46.6425
1097701,1344,0.8400,144313.00,46.7623
1097734,1336,0.8350,143890.00,46.5283
1097768,1328,0.8300,143761.00,46.6517
1097802,1320,0.8250,143758.00,46.5608
1097836,1312,0.8200,143660.00,46.5352
1097869,1304,0.8150,143653.00,46.5158
1097903,1296,0.8100,143183.00,46.3885
1097937,1288,0.8050,142898.00,46.3501
1097971,1280,0.8000,142367.00,46.1246
1098004,1272,0.7950,142230.00,46.1217
1098038,1264,0.7900,142233.00,46.0954
1098072,1256,0.7850,142288.00,46.2815
1098106,1248,0.7800,141447.00,46.0327
1098139,1240,0.7750,141922.00,45.8880
1098173,1232,0.7700,142334.00,46.1509
1098207,1224,0.7650,142289.00,46.1125
1098241,1216,0.7600,141709.00,45.8480
1098274,1208,0.7550,141228.00,45.7177
1098308,1200,0.7500,141447.00,45.7174
1098342,1192,0.7450,141098.00,45.7131
1098375,1184,0.7400,140716.00,45.5644
1098409,1176,0.7350,140637.00,45.4132
1098443,1168,0.7300,140259.00,45.5674
1098477,1160,0.7250,140873.00,45.6599
1098510,1152,0.7200,140813.00,45.7928
1098544,1144,0.7150,139863.00,45.4499
1098578,1136,0.7100,140456.00,45.6800
1098612,1128,0.7050,140062.00,45.3948
1098645,1120,0.7000,140255.00,45.3291
1098679,1112,0.6950,139881.00,45.4151
1098713,1104,0.6900,139243.00,45.0699
1098747,1096,0.6850,139802.00,45.2691
1098780,1088,0.6800,139215.00,45.1759
1098814,1080,0.6750,139318.00,45.0568
1098848,1072,0.6700,139214.00,45.1441
1098882,1064,0.6650,138575.00,44.8917
1098915,1056,0.6600,138840.00,44.8333
1098949,1048,0.6550,138547.00,45.1378
1098983,1040,0.6500,138562.00,44.9051
1099017,1032,0.6450,138992.00,44.9865
1099050,1024,0.6400,138697.00,44.9055
1099084,1016,0.6350,138829.00,44.8490
1099118,1008,0.6300,139136.00,44.9977
1099152,1000,0.6250,139462.00,45.0371
1099185,992,0.6200,139920.00,45.2405
1099219,984,0.6150,139613.00,45.1933
1099253,976,0.6100,139411.00,45.1427
1099287,968,0.6050,140091.00,45.3341
1099320,960,0.6000,140493.00,45.5615
1099354,952,0.5950,139941.00,45.4427
1099388,944,0.5900,139715.00,45.4148
1099421,936,0.5850,139298.00,45.3324
1099455,928,0.5800,138892.00,45.0584
1099489,920,0.5750,138835.00,44.9685
1099523,912,0.5700,138234.00,44.8027
1099556,904,0.5650,137697.00,44.6396
1099590,896,0.5600,137917.00,44.7371
1099624,888,0.5550,137389.00,44.5934
1099658,880,0.5500,137049.00,44.4418
1099691,872,0.5450,136713.00,44.2609
1099725,864,0.5400,136151.00,44.1543
1099759,856,0.5350,136080.00,44.1723
1099793,848,0.5300,135864.00,44.0260
1099826,840,0.5250,135694.00,43.9229
1099860,832,0.5200,135550.00,44.2947
1099894,824,0.5150,134856.00,43.9922
1099928,816,0.5100,135494.00,43.9820
1099961,808,0.5050,135036.00,43.8169
1099995,800,0.5000,134672.00,43.6893
1100029,792,0.4950,134847.00,43.7158
1100063,784,0.4900,134622.00,43.8061
1100096,776,0.4850,134654.00,43.7001
1100130,768,0.4800,134841.00,43.7565
1100164,760,0.4750,134255.00,43.6620
1100198,752,0.4700,134346.00,43.6043
1100231,744,0.4650,134312.00,43.5984
1100265,736,0.4600,134334.00,43.5514
1100299,728,0.4550,134396.00,43.7779
1100332,720,0.4500,133693.00,43.5603
1100366,712,0.4450,133768.00,43.4379
1100400,704,0.4400,133696.00,43.4786
1100434,696,0.4350,133625.00,43.4054
1100467,688,0.4300,133362.00,43.2557
1100501,680,0.4250,133136.00,43.2072
1100535,672,0.4200,132836.00,43.0621
1100569,664,0.4150,132329.00,42.9108
1100602,656,0.4100,132479.00,42.9853
1100636,648,0.4050,131899.00,42.7139
1100670,640,0.4000,131440.00,42.5961
1100704,632,0.3950,131069.00,42.4983
1100737,624,0.3900,130644.00,42.4032
1100771,616,0.3850,129969.00,42.3493
1100805,608,0.3800,129653.00,42.1167
1100839,600,0.3750,129596.00,42.0530
1100872,592,0.3700,129919.00,42.1439
1100906,584,0.3650,129663.00,42.0425
1100940,576,0.3600,129688.00,42.0753
1100974,568,0.3550,129252.00,41.9565
1101007,560,0.3500,129305.00,41.9375
1101041,552,0.3450,129120.00,41.9312
1101075,544,0.3400,129010.00,41.8531
1101109,536,0.3350,128941.00,41.8285
1101142,528,0.3300,128886.00,41.8755
1101176,520,0.3250,128658.00,41.7071
1101210,512,0.3200,127915.00,41.7137
1101243,504,0.3150,127397.00,41.4570
1101277,496,0.3100,127793.00,41.4958
1101311,488,0.3050,127745.00,41.3678
1101345,480,0.3000,127410.00,41.3251
1101378,472,0.2950,127036.00,41.2001
1101412,464,0.2900,126321.00,40.9444
1101446,456,0.2850,125604.00,40.7098
1101480,448,0.2800,125446.00,40.6694
1101513,440,0.2750,124780.00,40.4384
1101547,432,0.2700,124129.00,40.2973
1101581,424,0.2650,123513.00,39.9396
1101615,416,0.2600,123195.00,39.8825
1101648,408,0.2550,122852.00,39.9346
1101682,400,0.2500,122961.00,39.9924
1101716,392,0.2450,121656.00,39.5159
1101750,384,0.2400,121442.00,39.3384
1101783,376,0.2350,120636.00,39.0374
1101817,368,0.2300,119718.00,38.7647
1101851,360,0.2250,118808.00,38.4625
1101885,352,0.2200,118191.00,38.2597
1101918,344,0.2150,117063.00,37.9243
1101952,336,0.2100,116276.00,37.5846
1101986,328,0.2050,115330.00,37.3493
1102020,320,0.2000,113903.00,36.8331
1102053,312,0.1950,112380.00,36.3097
1102087,304,0.1900,110629.00,35.7376
1102121,296,0.1850,108733.00,35.3113
1102155,288,0.1800,106458.00,34.4991
1102188,280,0.1750,104053.00,33.5481
1102222,272,0.1700,101347.00,32.6889
1102256,264,0.1650,98629.00,31.7474
1102290,256,0.1600,93781.00,30.2506
1102323,248,0.1550,89584.00,28.7348
1102357,240,0.1500,84773.00,27.3916
1102391,232,0.1450,80237.00,25.8104
1102425,224,0.1400,75757.00,24.4367
1102458,216,0.1350,72139.00,23.0984
1102492,208,0.1300,67231.00,21.5337
1102526,200,0.1250,62361.00,19.9788
1102560,192,0.1200,57570.00,18.3987
1102593,184,0.1150,52950.00,17.0177
1102627,176,0.1100,47573.00,15.2262
1102661,168,0.1050,42462.00,13.4656
1102694,160,0.1000,37327.00,11.8624
1102728,152,0.0950,32846.00,10.3857
1102762,144,0.0900,27746.00,8.7504
1102796,136,0.0850,23785.00,7.4535
1102829,128,0.0800,19246.00,6.0535
1102863,120,0.0750,15195.00,4.6587
1102897,112,0.0700,10991.00,3.3618
1102931,104,0.0650,6933.00,2.1059
1102964,96,0.0600,3004.00,0.8565
