Millis,Steps,Travel (mm),Scale raw,Scale (grams)
491804,8,0.0050,5227.00,1.7882
491838,16,0.0100,6895.00,2.4662
491872,24,0.0150,8964.00,3.0044
491906,32,0.0200,10520.00,3.6102
491939,40,0.0250,12172.00,4.0631
491973,48,0.0300,13740.00,4.6715
492007,56,0.0350,15429.00,5.1146
492041,64,0.0400,17105.00,5.7115
492074,72,0.0450,18390.00,6.1966
492108,80,0.0500,20547.00,6.8050
492142,88,0.0550,22148.00,7.3855
492175,96,0.0600,23798.00,7.8161
492209,104,0.0650,25400.00,8.5059
492243,112,0.0700,27208.00,9.0654
492277,120,0.0750,28707.00,9.5521
492310,128,0.0800,30182.00,10.0391
492344,136,0.0850,32004.00,10.5655
492378,144,0.0900,33572.00,11.1565
492412,152,0.0950,35092.00,11.5871
492445,160,0.1000,36994.00,12.1361
492479,168,0.1050,38196.00,12.6176
492513,176,0.1100,39688.00,13.1906
492547,184,0.1150,41366.00,13.7183
492580,192,0.1200,42911.00,14.2227
492614,200,0.1250,44542.00,14.7458
492648,208,0.1300,45870.00,15.0234
492681,216,0.1350,39069.00,12.9740
492715,224,0.1400,41385.00,13.6684
492749,232,0.1450,43109.00,14.1629
492782,240,0.1500,45070.00,14.9089
492816,248,0.1550,46495.00,15.3371
492850,256,0.1600,48140.00,15.9600
492884,264,0.1650,49686.00,16.4434
492917,272,0.1700,51312.00,16.9678
492951,280,0.1750,52719.00,17.4893
492985,288,0.1800,54234.00,17.9907
493019,296,0.1850,55940.00,18.5142
493052,304,0.1900,57108.00,18.8453
493086,312,0.1950,58645.00,19.3205
493120,320,0.2000,60124.00,19.8498
493153,328,0.2050,61415.00,20.2446
493187,336,0.2100,62498.00,20.6230
493221,344,0.2150,64082.00,21.1185
493255,352,0.2200,65228.00,21.5235
493288,360,0.2250,66608.00,21.9488
493322,368,0.2300,68150.00,22.4539
493356,376,0.2350,69372.00,22.8342
493389,384,0.2400,70519.00,23.2195
493423,392,0.2450,71969.00,23.6652
493457,400,0.2500,73131.00,24.0150
493491,408,0.2550,74326.00,24.4213
493524,416,0.2600,75544.00,24.8338
493558,424,0.2650,76880.00,25.3224
493592,432,0.2700,77960.00,25.6444
493626,440,0.2750,79054.00,26.0608
493659,448,0.2800,80193.00,26.3956
493693,456,0.2850,81237.00,26.7421
493727,464,0.2900,82357.00,27.1694
493760,472,0.2950,83826.00,27.5586
493794,480,0.3000,84795.00,27.8307
493828,488,0.3050,85750.00,28.2688
493862,496,0.3100,86910.00,28.5727
493895,504,0.3150,88321.00,28.9878
493929,512,0.3200,89192.00,29.3288
493963,520,0.3250,90137.00,29.7049
493997,528,0.3300,91264.00,29.9917
494030,536,0.3350,92289.00,30.3894
494064,544,0.3400,93486.00,30.7353
494098,552,0.3450,94519.00,31.0612
494131,560,0.3500,95528.00,31.3044
494165,568,0.3550,96689.00,31.7586
494199,576,0.3600,97550.00,32.0585
494233,584,0.3650,98413.00,32.4343
494266,592,0.3700,99411.00,32.7509
494300,600,0.3750,100628.00,33.0584
494334,608,0.3800,101642.00,33.3079
494367,616,0.3850,102321.00,33.7109
494401,624,0.3900,103412.00,34.0042
494435,632,0.3950,104502.00,34.3426
494469,640,0.4000,105562.00,34.7505
494502,648,0.4050,106279.00,34.9392
494536,656,0.4100,107591.00,35.3058
494570,664,0.4150,108190.00,35.6129
494604,672,0.4200,109006.00,35.8748
494637,680,0.4250,110119.00,36.1767
494671,688,0.4300,111051.00,36.5052
494705,696,0.4350,111879.00,36.7983
494738,704,0.4400,112966.00,37.1153
494772,712,0.4450,113899.00,37.3637
494806,720,0.4500,114836.00,37.7270
494840,728,0.4550,115933.00,38.1018
494873,736,0.4600,116688.00,38.3968
494907,744,0.4650,117646.00,38.6623
494941,752,0.4700,118430.00,38.9705
494974,760,0.4750,119399.00,39.2517
495008,768,0.4800,120291.00,39.4877
495042,776,0.4850,121112.00,39.7948
495076,784,0.4900,122045.00,40.0931
495109,792,0.4950,122932.00,40.2937
495143,800,0.5000,123866.00,40.6740
495177,808,0.5050,124695.00,40.9411
495210,816,0.5100,125697.00,41.2687
495244,824,0.5150,126211.00,41.4767
495278,832,0.5200,127220.00,41.7645
495312,840,0.5250,127940.00,42.0054
495345,848,0.5300,128866.00,42.3802
495379,856,0.5350,129561.00,42.5869
495413,864,0.5400,130441.00,42.8022
495447,872,0.5450,131154.00,43.0762
495480,880,0.5500,132225.00,43.3900
495514,888,0.5550,132827.00,43.5836
495548,896,0.5600,133302.00,43.7907
495581,904,0.5650,134262.00,44.0578
495615,912,0.5700,135134.00,44.3459
495649,920,0.5750,135820.00,44.6354
495683,928,0.5800,136495.00,44.9478
495716,936,0.5850,137253.00,45.0426
495750,944,0.5900,137902.00,45.3472
495784,952,0.5950,138360.00,45.4607
495818,960,0.6000,139380.00,45.7830
495851,968,0.6050,139893.00,45.9917
495885,976,0.6100,140792.00,46.1768
495919,984,0.6150,140909.00,46.3281
495952,992,0.6200,142048.00,46.6536
495986,1000,0.6250,142454.00,46.8151
496020,1008,0.6300,143202.00,47.0409
496054,1016,0.6350,143926.00,47.2516
496087,1024,0.6400,144626.00,47.4163
496121,1032,0.6450,145046.00,47.6913
496155,1040,0.6500,145613.00,47.8446
496189,1048,0.6550,146185.00,48.0467
496222,1056,0.6600,147128.00,48.2870
496256,1064,0.6650,147518.00,48.4415
496290,1072,0.6700,148160.00,48.6870
496323,1080,0.6750,148936.00,48.8882
496357,1088,0.6800,149284.00,48.9509
496391,1096,0.6850,150136.00,49.2314
496425,1104,0.6900,150806.00,49.5032
496458,1112,0.6950,151155.00,49.6459
496492,1120,0.7000,151827.00,49.8169
496526,1128,0.7050,152307.00,49.9308
496559,1136,0.7100,153042.00,50.1782
496593,1144,0.7150,153610.00,50.4115
496627,1152,0.7200,154174.00,50.6347
496661,1160,0.7250,154730.00,50.8119
496694,1168,0.7300,155274.00,50.9944
496728,1176,0.7350,155648.00,51.0574
496762,1184,0.7400,156433.00,51.3777
496796,1192,0.7450,156792.00,51.5240
496829,1200,0.7500,157528.00,51.7042
496863,1208,0.7550,158082.00,51.8726
496897,1216,0.7600,158295.00,52.0015
496930,1224,0.7650,159111.00,52.2332
496964,1232,0.7700,159417.00,52.3556
496998,1240,0.7750,160166.00,52.5525
497032,1248,0.7800,160368.00,52.6608
497065,1256,0.7850,160992.00,52.8755
497099,1264,0.7900,161411.00,53.0399
497133,1272,0.7950,162131.00,53.2246
497167,1280,0.8000,162487.00,53.3310
497200,1288,0.8050,162772.00,53.4524
497234,1296,0.8100,163538.00,53.6486
497268,1304,0.8150,163822.00,53.7645
497301,1312,0.8200,164228.00,53.9194
497335,1320,0.8250,164860.00,54.1028
497369,1328,0.8300,165550.00,54.2603
497403,1336,0.8350,165973.00,54.5019
497436,1344,0.8400,166409.00,54.5908
497470,1352,0.8450,166666.00,54.7359
497504,1360,0.8500,167150.00,54.8406
497537,1368,0.8550,167613.00,55.0076
497571,1376,0.8600,167916.00,55.1120
497605,1384,0.8650,168661.00,55.3036
497639,1392,0.8700,169049.00,55.4779
497672,1400,0.8750,169344.00,55.6308
497706,1408,0.8800,169836.00,55.7053
497740,1416,0.8850,170414.00,55.8858
497774,1424,0.8900,170614.00,56.0459
497807,1432,0.8950,171013.00,56.1263
497841,1440,0.9000,171410.00,56.2839
497875,1448,0.9050,171813.00,56.3488
497908,1456,0.9100,172256.00,56.4818
497942,1464,0.9150,172464.00,56.6271
497976,1472,0.9200,173018.00,56.7636
498010,1480,0.9250,173289.00,56.8326
498043,1488,0.9300,173445.00,56.9674
498077,1496,0.9350,173816.00,57.0613
498246,1504,0.9400,173267.00,56.9606
498279,1512,0.9450,173858.00,57.1575
498313,1520,0.9500,174405.00,57.2894
498347,1528,0.9550,174692.00,57.4069
498381,1536,0.9600,175188.00,57.5204
498414,1544,0.9650,175716.00,57.7170
498448,1552,0.9700,176069.00,57.8384
498482,1560,0.9750,176388.00,57.9031
498515,1568,0.9800,177024.00,58.0064
498549,1576,0.9850,176884.00,58.0544
498583,1584,0.9900,177299.00,58.2060
498617,1592,0.9950,177414.00,58.2650
498650,1600,1.0000,177704.00,58.3865
498684,1608,1.0050,178395.00,58.5049
498718,1616,1.0100,178440.00,58.5975
498752,1624,1.0150,179025.00,58.7317
498785,1632,1.0200,178997.00,58.8032
498819,1640,1.0250,179209.00,58.8774
498853,1648,1.0300,179568.00,58.9962
498886,1656,1.0350,179826.00,59.0438
498920,1664,1.0400,180191.00,59.1134
498954,1672,1.0450,180794.00,59.2482
498988,1680,1.0500,180848.00,59.3953
499021,1688,1.0550,180752.00,59.4025
499055,1696,1.0600,181346.00,59.4819
499089,1704,1.0650,181470.00,59.5659
499122,1712,1.0700,181799.00,59.6174
499156,1720,1.0750,181955.00,59.6804
499190,1728,1.0800,182223.00,59.7861
499224,1736,1.0850,182403.00,59.8068
499257,1744,1.0900,182482.00,59.8806
499291,1752,1.0950,183072.00,59.9932
499325,1760,1.1000,183077.00,60.0864
499359,1768,1.1050,183175.00,60.1963
499392,1776,1.1100,183601.00,60.1950
499426,1784,1.1150,183922.00,60.3178
499460,1792,1.1200,183903.00,60.3082
499493,1800,1.1250,183918.00,60.3808
499527,1808,1.1300,184232.00,60.4044
499561,1816,1.1350,184406.00,60.4795
499595,1824,1.1400,184720.00,60.6154
499628,1832,1.1450,184708.00,60.6128
499662,1840,1.1500,184921.00,60.6719
499696,1848,1.1550,185082.00,60.7260
499730,1856,1.1600,184942.00,60.7588
499763,1864,1.1650,185370.00,60.8507
499797,1872,1.1700,185445.00,60.8517
499831,1880,1.1750,185643.00,60.9104
499864,1888,1.1800,185899.00,61.0397
499898,1896,1.1850,185913.00,61.0155
499932,1904,1.1900,186012.00,61.0903
499966,1912,1.1950,186245.00,61.1365
499999,1920,1.2000,186454.00,61.2547
500033,1928,1.2050,186475.00,61.2291
500067,1936,1.2100,186473.00,61.1989
500100,1944,1.2150,186618.00,61.2960
500134,1952,1.2200,186667.00,61.3023
500168,1960,1.2250,186971.00,61.4030
500202,1968,1.2300,187067.00,61.3932
500235,1976,1.2350,187135.00,61.3627
500269,1984,1.2400,187409.00,61.5159
500303,1992,1.2450,187398.00,61.5773
500337,2000,1.2500,187637.00,61.5583
500370,2008,1.2550,187598.00,61.5389
500404,2016,1.2600,187718.00,61.6321
500438,2024,1.2650,187640.00,61.6029
500471,2032,1.2700,187568.00,61.5724
500505,2040,1.2750,187757.00,61.6698
500539,2048,1.2800,187909.00,61.7214
500573,2056,1.2850,188195.00,61.6574
500606,2064,1.2900,188147.00,61.7040
500640,2072,1.2950,188223.00,61.8293
500674,2080,1.3000,188279.00,61.7840
500708,2088,1.3050,188406.00,61.8454
500741,2096,1.3100,188213.00,61.7791
500775,2104,1.3150,188607.00,61.8687
500809,2112,1.3200,188916.00,61.9041
500843,2120,1.3250,188511.00,61.8395
500876,2128,1.3300,188666.00,61.8841
500910,2136,1.3350,188811.00,62.0065
500944,2144,1.3400,188765.00,61.9166
500977,2152,1.3450,188947.00,61.9511
501011,2160,1.3500,188934.00,61.9967
501045,2168,1.3550,188874.00,61.9973
501079,2176,1.3600,188892.00,61.9809
501112,2184,1.3650,188744.00,61.9678
501146,2192,1.3700,188832.00,61.9606
501180,2200,1.3750,189216.00,62.0302
501213,2208,1.3800,189184.00,62.0551
501247,2216,1.3850,188995.00,62.0476
501281,2224,1.3900,189217.00,62.0709
501315,2232,1.3950,188824.00,61.9534
501348,2240,1.4000,189235.00,62.0777
501382,2248,1.4050,189529.00,62.1234
501416,2256,1.4100,189332.00,62.0928
501450,2264,1.4150,189350.00,62.1434
501483,2272,1.4200,189348.00,62.1220
501517,2280,1.4250,188964.00,62.0354
501551,2288,1.4300,189226.00,62.1306
501584,2296,1.4350,189134.00,62.1135
501618,2304,1.4400,189117.00,62.0853
501652,2312,1.4450,189188.00,62.0758
501686,2320,1.4500,189438.00,62.0948
501719,2328,1.4550,189435.00,62.1893
501753,2336,1.4600,189314.00,62.0663
501787,2344,1.4650,189346.00,62.1217
501820,2352,1.4700,189329.00,62.1266
501854,2360,1.4750,189363.00,62.0725
501888,2368,1.4800,189029.00,62.0006
501922,2376,1.4850,189364.00,62.1408
501955,2384,1.4900,189319.00,62.1089
501989,2392,1.4950,189355.00,62.0991
502023,2400,1.5000,189154.00,62.1411
502057,2408,1.5050,189222.00,62.1145
502090,2416,1.5100,189079.00,62.0124
502124,2424,1.5150,189567.00,62.1322
502158,2432,1.5200,189139.00,62.0318
502191,2440,1.5250,189382.00,62.0840
502225,2448,1.5300,189012.00,62.0817
502259,2456,1.5350,189265.00,62.1270
502293,2464,1.5400,189251.00,62.0656
502326,2472,1.5450,189014.00,61.9783
502360,2480,1.5500,189068.00,62.0577
502394,2488,1.5550,188878.00,61.9320
502428,2496,1.5600,188930.00,61.9990
502461,2504,1.5650,189151.00,62.0384
502495,2512,1.5700,189001.00,62.0288
502529,2520,1.5750,188958.00,61.9694
502562,2528,1.5800,188826.00,61.9343
502596,2536,1.5850,188761.00,61.8976
502630,2544,1.5900,188735.00,61.8654
502664,2552,1.5950,188711.00,61.9022
502697,2560,1.6000,188577.00,61.9058
502731,2568,1.6050,188646.00,61.8277
502765,2576,1.6100,188601.00,61.8244
502799,2584,1.6150,188568.00,61.8385
502832,2592,1.6200,188568.00,61.8168
502866,2600,1.6250,188321.00,61.7634
502900,2608,1.6300,188220.00,61.7762
502933,2616,1.6350,188335.00,61.7719
502967,2624,1.6400,188176.00,61.7909
503001,2632,1.6450,188038.00,61.6925
503035,2640,1.6500,188158.00,61.7266
503068,2648,1.6550,187848.00,61.6469
503102,2656,1.6600,187932.00,61.6016
503136,2664,1.6650,187890.00,61.6127
503169,2672,1.6700,187658.00,61.5920
503203,2680,1.6750,187863.00,61.6029
503237,2688,1.6800,187645.00,61.5566
503271,2696,1.6850,187774.00,61.5845
503304,2704,1.6900,187606.00,61.5592
503338,2712,1.6950,187506.00,61.5330
503372,2720,1.7000,187363.00,61.4936
503406,2728,1.7050,187471.00,61.5221
503439,2736,1.7100,187350.00,61.5231
503473,2744,1.7150,187499.00,61.4657
503507,2752,1.7200,187374.00,61.4897
503541,2760,1.7250,187063.00,61.3462
503574,2768,1.7300,186983.00,61.3725
503608,2776,1.7350,187009.00,61.4303
503642,2784,1.7400,186962.00,61.3082
503675,2792,1.7450,186748.00,61.2317
503709,2800,1.7500,186506.00,61.2760
503743,2808,1.7550,186661.00,61.2248
503777,2816,1.7600,186571.00,61.2629
503810,2824,1.7650,186509.00,61.1382
503844,2832,1.7700,186247.00,61.0998
503878,2840,1.7750,186283.00,61.0896
503911,2848,1.7800,186193.00,61.1139
503945,2856,1.7850,186231.00,60.9984
503979,2864,1.7900,186134.00,61.1021
504013,2872,1.7950,186206.00,61.0391
504046,2880,1.8000,185981.00,61.0200
504080,2888,1.8050,185658.00,60.8740
504114,2896,1.8100,185649.00,60.9449
504148,2904,1.8150,185517.00,60.9019
504181,2912,1.8200,185551.00,60.8192
504215,2920,1.8250,185341.00,60.8569
504249,2928,1.8300,185411.00,60.8481
504282,2936,1.8350,185468.00,60.8054
504316,2944,1.8400,185155.00,60.8107
504350,2952,1.8450,185195.00,60.7992
504384,2960,1.8500,185085.00,60.6082
504417,2968,1.8550,184819.00,60.6259
504451,2976,1.8600,184922.00,60.6607
504485,2984,1.8650,184685.00,60.5764
504518,2992,1.8700,184597.00,60.5199
504552,3000,1.8750,184375.00,60.5284
504586,3008,1.8800,184291.00,60.5202
504620,3016,1.8850,184338.00,60.4841
504653,3024,1.8900,184376.00,60.4530
504687,3032,1.8950,184104.00,60.4415
504721,3040,1.9000,184046.00,60.3276
504755,3048,1.9050,183755.00,60.3716
504788,3056,1.9100,183889.00,60.3804
504822,3064,1.9150,183823.00,60.3299
504856,3072,1.9200,183390.00,60.1773
504889,3080,1.9250,183333.00,60.1547
504923,3088,1.9300,183604.00,60.1789
504957,3096,1.9350,183089.00,60.1146
504991,3104,1.9400,182918.00,59.9912
505024,3112,1.9450,183018.00,60.1021
505058,3120,1.9500,182866.00,60.0155
505092,3128,1.9550,182719.00,59.9906
505126,3136,1.9600,182726.00,59.9404
505159,3144,1.9650,182567.00,59.9345
505193,3152,1.9700,182605.00,59.8918
505227,3160,1.9750,182587.00,59.8695
505260,3168,1.9800,182251.00,59.8163
505294,3176,1.9850,182232.00,59.7937
505328,3184,1.9900,181984.00,59.7172
505362,3192,1.9950,181951.00,59.6023
505395,3200,2.0000,181949.00,59.7001
505429,3208,2.0050,181643.00,59.6480
505463,3216,2.0100,181418.00,59.5656
505497,3224,2.0150,181496.00,59.5626
505530,3232,2.0200,181416.00,59.5324
505564,3240,2.0250,181188.00,59.4123
505598,3248,2.0300,180946.00,59.4327
505631,3256,2.0350,180978.00,59.3979
505665,3264,2.0400,180964.00,59.3359
505699,3272,2.0450,180711.00,59.2722
505733,3280,2.0500,180677.00,59.2384
505766,3288,2.0550,180633.00,59.2778
505800,3296,2.0600,180762.00,59.2338
505834,3304,2.0650,180340.00,59.2233
505868,3312,2.0700,180293.00,59.1744
505901,3320,2.0750,180163.00,59.1104
505935,3328,2.0800,180177.00,59.0796
505969,3336,2.0850,179849.00,59.0366
506002,3344,2.0900,179868.00,59.0333
506036,3352,2.0950,179903.00,59.0704
506070,3360,2.1000,179522.00,58.8643
506104,3368,2.1050,179527.00,58.8561
506137,3376,2.1100,179359.00,58.8603
506171,3384,2.1150,179417.00,58.8738
506205,3392,2.1200,179241.00,58.6959
506238,3400,2.1250,179128.00,58.7586
506272,3408,2.1300,179086.00,58.7645
506306,3416,2.1350,178694.00,58.6273
506340,3424,2.1400,178753.00,58.6690
506373,3432,2.1450,178447.00,58.5686
506407,3440,2.1500,178472.00,58.5154
506441,3448,2.1550,178305.00,58.4672
506475,3456,2.1600,178201.00,58.4741
506508,3464,2.1650,178193.00,58.3865
506542,3472,2.1700,177816.00,58.3543
506576,3480,2.1750,177808.00,58.3481
506609,3488,2.1800,177986.00,58.2913
506654,3496,2.1850,177563.00,58.2920
506688,3504,2.1900,177624.00,58.2129
506722,3512,2.1950,177643.00,58.2824
506756,3520,2.2000,177468.00,58.1728
506789,3528,2.2050,177184.00,58.1482
506823,3536,2.2100,176989.00,58.1492
506857,3544,2.2150,177331.00,58.1682
506890,3552,2.2200,176894.00,58.0146
506924,3560,2.2250,176729.00,57.9792
506958,3568,2.2300,176743.00,57.9251
506992,3576,2.2350,176609.00,57.9536
507025,3584,2.2400,176487.00,57.9178
507059,3592,2.2450,176570.00,57.8716
507093,3600,2.2500,176116.00,57.8273
507127,3608,2.2550,176278.00,57.7734
507160,3616,2.2600,176021.00,57.7380
507194,3624,2.2650,175947.00,57.7252
507228,3632,2.2700,175859.00,57.6510
507261,3640,2.2750,175711.00,57.5969
507295,3648,2.2800,175542.00,57.5946
507329,3656,2.2850,175456.00,57.5549
507363,3664,2.2900,175579.00,57.6202
507396,3672,2.2950,175392.00,57.5769
507430,3680,2.3000,175294.00,57.4860
507464,3688,2.3050,175024.00,57.4167
507498,3696,2.3100,175106.00,57.4610
507531,3704,2.3150,174860.00,57.3271
507565,3712,2.3200,174611.00,57.2976
507599,3720,2.3250,174954.00,57.3960
507632,3728,2.3300,174652.00,57.2703
507666,3736,2.3350,174563.00,57.3051
507700,3744,2.3400,174507.00,57.2467
507734,3752,2.3450,174539.00,57.2080
507767,3760,2.3500,174321.00,57.1936
507801,3768,2.3550,174532.00,57.2172
507835,3776,2.3600,174029.00,57.1561
507869,3784,2.3650,174075.00,57.0977
507902,3792,2.3700,173786.00,57.0272
507936,3800,2.3750,173911.00,57.1348
507970,3808,2.3800,173922.00,57.0380
508003,3816,2.3850,173747.00,56.9963
508037,3824,2.3900,173589.00,57.0236
508071,3832,2.3950,173662.00,56.9208
508105,3840,2.4000,173646.00,56.9862
508138,3848,2.4050,173359.00,56.8998
508172,3856,2.4100,173373.00,56.9002
508206,3864,2.4150,173461.00,56.8962
508240,3872,2.4200,173317.00,56.8939
508273,3880,2.4250,173231.00,56.8303
508307,3888,2.4300,173073.00,56.7810
508341,3896,2.4350,172904.00,56.7295
508374,3904,2.4400,173214.00,56.7184
508408,3912,2.4450,172994.00,56.7269
508442,3920,2.4500,173017.00,56.7472
508476,3928,2.4550,172821.00,56.7006
508509,3936,2.4600,172848.00,56.6478
508543,3944,2.4650,172777.00,56.7056
508577,3952,2.4700,172586.00,56.6452
508610,3960,2.4750,172719.00,56.6284
508678,3968,2.4800,172172.00,56.5405
508712,3976,2.4850,172228.00,56.4611
508745,3984,2.4900,172212.00,56.4509
508779,3992,2.4950,172203.00,56.4791
508813,4000,2.5000,172105.00,56.5503
508847,4008,2.5050,172194.00,56.5756
508880,4016,2.5100,172230.00,56.4644
508914,4024,2.5150,171893.00,56.4151
508948,4032,2.5200,171994.00,56.4230
508982,4040,2.5250,171842.00,56.3738
509015,4048,2.5300,171850.00,56.3436
509049,4056,2.5350,171827.00,56.3846
509083,4064,2.5400,171845.00,56.3616
509116,4072,2.5450,171803.00,56.3771
509150,4080,2.5500,171572.00,56.3344
509184,4088,2.5550,171665.00,56.3118
509218,4096,2.5600,171569.00,56.3429
509251,4104,2.5650,171141.00,56.2084
509285,4112,2.5700,171485.00,56.2766
509319,4120,2.5750,171219.00,56.2251
509352,4128,2.5800,171396.00,56.2268
509386,4136,2.5850,171185.00,56.1618
509420,4144,2.5900,171089.00,56.1542
509454,4152,2.5950,171227.00,56.1503
509487,4160,2.6000,171406.00,56.1969
509521,4168,2.6050,171006.00,56.1260
509555,4176,2.6100,171164.00,56.1457
509589,4184,2.6150,170940.00,56.0879
509622,4192,2.6200,171084.00,56.0883
509656,4200,2.6250,171109.00,56.1185
509690,4208,2.6300,170892.00,56.1129
509723,4216,2.6350,171003.00,56.0466
509757,4224,2.6400,170821.00,55.9997
509791,4232,2.6450,170766.00,56.0249
509825,4240,2.6500,170725.00,56.0125
509858,4248,2.6550,170805.00,56.0118
509892,4256,2.6600,170766.00,56.0328
509926,4264,2.6650,170702.00,56.0440
509960,4272,2.6700,170598.00,55.9577
509993,4280,2.6750,170626.00,55.9347
510027,4288,2.6800,170578.00,55.9242
510061,4296,2.6850,170507.00,55.9767
510094,4304,2.6900,170652.00,55.8497
510128,4312,2.6950,170573.00,55.9160
510162,4320,2.7000,170215.00,55.8625
510196,4328,2.7050,170413.00,55.8976
510229,4336,2.7100,170245.00,55.8612
510263,4344,2.7150,170340.00,55.8559
510297,4352,2.7200,170422.00,55.8477
510331,4360,2.7250,170308.00,55.8904
510364,4368,2.7300,170199.00,55.8392
510398,4376,2.7350,170345.00,55.8730
510432,4384,2.7400,170012.00,55.8142
510465,4392,2.7450,170167.00,55.8231
510499,4400,2.7500,170098.00,55.7637
510533,4408,2.7550,170078.00,55.8008
510567,4416,2.7600,170052.00,55.8156
510600,4424,2.7650,170244.00,55.8316
510634,4432,2.7700,170258.00,55.8175
510668,4440,2.7750,170221.00,55.7834
510702,4448,2.7800,169989.00,55.7821
510735,4456,2.7850,169972.00,55.8415
510769,4464,2.7900,170070.00,55.7870
510803,4472,2.7950,169923.00,55.7772
510836,4480,2.8000,169779.00,55.6971
510870,4488,2.8050,169862.00,55.7818
510904,4496,2.8100,169706.00,55.7053
510938,4504,2.8150,169989.00,55.7857
510971,4512,2.8200,170111.00,55.7887
511005,4520,2.8250,170014.00,55.7361
511039,4528,2.8300,170185.00,55.7568
511072,4536,2.8350,169858.00,55.7381
511106,4544,2.8400,169790.00,55.6449
511140,4552,2.8450,169768.00,55.6705
511174,4560,2.8500,169723.00,55.6991
511207,4568,2.8550,169943.00,55.7191
511241,4576,2.8600,169759.00,55.7532
511275,4584,2.8650,169950.00,55.6784
511309,4592,2.8700,169875.00,55.7542
511342,4600,2.8750,169850.00,55.7007
511376,4608,2.8800,170004.00,55.7434
511410,4616,2.8850,169958.00,55.7716
511443,4624,2.8900,169874.00,55.7247
511477,4632,2.8950,170021.00,55.7683
511511,4640,2.9000,169927.00,55.8231
511545,4648,2.9050,170218.00,55.7854
511578,4656,2.9100,169780.00,55.7273
511612,4664,2.9150,170153.00,55.8346
511646,4672,2.9200,170079.00,55.8215
511680,4680,2.9250,170263.00,55.8080
511713,4688,2.9300,170274.00,55.8743
511747,4696,2.9350,170104.00,55.8257
511781,4704,2.9400,170237.00,55.8454
511814,4712,2.9450,170265.00,55.8464
511848,4720,2.9500,170228.00,55.9225
511882,4728,2.9550,170524.00,55.8244
511916,4736,2.9600,170572.00,55.8904
511949,4744,2.9650,170393.00,56.0315
511983,4752,2.9700,170677.00,55.9796
512017,4760,2.9750,170439.00,55.9219
512050,4768,2.9800,170734.00,56.0020
512084,4776,2.9850,170491.00,55.9682
512118,4784,2.9900,170810.00,56.0026
512152,4792,2.9950,170722.00,56.0279
512185,4800,3.0000,170726.00,56.0558
512219,4808,3.0050,170803.00,56.0945
512253,4816,3.0100,170660.00,55.9967
512287,4824,3.0150,170888.00,56.1135
512320,4832,3.0200,170932.00,56.0397
512354,4840,3.0250,171066.00,56.0860
512388,4848,3.0300,171134.00,56.1716
512421,4856,3.0350,170936.00,56.1388
512455,4864,3.0400,170816.00,56.0761
512489,4872,3.0450,171135.00,56.1572
512523,4880,3.0500,171319.00,56.1615
512556,4888,3.0550,171294.00,56.1457
512590,4896,3.0600,171400.00,56.1224
512624,4904,3.0650,171256.00,56.2789
512657,4912,3.0700,171885.00,56.3029
512691,4920,3.0750,171609.00,56.2924
512725,4928,3.0800,171672.00,56.3301
512759,4936,3.0850,171836.00,56.2980
512792,4944,3.0900,171837.00,56.3590
512826,4952,3.0950,172100.00,56.4214
512860,4960,3.1000,171988.00,56.5037
512894,4968,3.1050,172301.00,56.4831
512927,4976,3.1100,172104.00,56.4201
512961,4984,3.1150,172196.00,56.4489
512995,4992,3.1200,172212.00,56.4919
513028,5000,3.1250,172171.00,56.4985
513062,5008,3.1300,172365.00,56.5123
513096,5016,3.1350,172444.00,56.5832
513130,5024,3.1400,172230.00,56.5533
513163,5032,3.1450,172563.00,56.6649
513197,5040,3.1500,172799.00,56.7246
513231,5048,3.1550,172868.00,56.6337
513264,5056,3.1600,172893.00,56.7177
513298,5064,3.1650,173051.00,56.7600
513332,5072,3.1700,173129.00,56.7971
513366,5080,3.1750,173156.00,56.8372
513399,5088,3.1800,173439.00,56.8775
513433,5096,3.1850,173284.00,56.8332
513467,5104,3.1900,173279.00,56.8788
513501,5112,3.1950,173532.00,56.8946
513534,5120,3.2000,173747.00,56.9953
513568,5128,3.2050,173698.00,56.9855
513602,5136,3.2100,173652.00,57.0383
513635,5144,3.2150,173957.00,57.1030
513669,5152,3.2200,173799.00,57.1043
513703,5160,3.2250,174158.00,57.1299
513737,5168,3.2300,174087.00,57.1794
513770,5176,3.2350,174261.00,57.1512
513804,5184,3.2400,174261.00,57.1598
513838,5192,3.2450,174329.00,57.1840
513871,5200,3.2500,174245.00,57.2139
513905,5208,3.2550,174709.00,57.3622
513939,5216,3.2600,174737.00,57.3416
513973,5224,3.2650,174905.00,57.3596
514006,5232,3.2700,174872.00,57.4269
514040,5240,3.2750,175118.00,57.4252
514074,5248,3.2800,175110.00,57.3908
514108,5256,3.2850,175103.00,57.4896
514141,5264,3.2900,175539.00,57.5628
514175,5272,3.2950,175333.00,57.5175
514209,5280,3.3000,175414.00,57.5116
514242,5288,3.3050,175482.00,57.6471
514276,5296,3.3100,175889.00,57.7413
514310,5304,3.3150,175728.00,57.6441
514344,5312,3.3200,175955.00,57.7324
514377,5320,3.3250,175981.00,57.6957
514411,5328,3.3300,176104.00,57.7104
514445,5336,3.3350,176105.00,57.7574
514478,5344,3.3400,176540.00,57.9047
514512,5352,3.3450,176492.00,57.8469
514546,5360,3.3500,176523.00,57.9273
514580,5368,3.3550,176632.00,57.9589
514613,5376,3.3600,176713.00,58.0156
514647,5384,3.3650,176966.00,58.0754
514681,5392,3.3700,177085.00,58.0747
514715,5400,3.3750,177220.00,58.1416
514748,5408,3.3800,177246.00,58.1712
514782,5416,3.3850,177312.00,58.1482
514816,5424,3.3900,177134.00,58.1715
514849,5432,3.3950,177566.00,58.2394
514883,5440,3.4000,177766.00,58.3553
514917,5448,3.4050,177706.00,58.3494
514951,5456,3.4100,177929.00,58.3724
514984,5464,3.4150,178188.00,58.5295
515018,5472,3.4200,178094.00,58.4147
515052,5480,3.4250,178334.00,58.5532
515085,5488,3.4300,178645.00,58.5433
515119,5496,3.4350,178423.00,58.6283
515153,5504,3.4400,178615.00,58.6342
515187,5512,3.4450,178861.00,58.6976
515220,5520,3.4500,179239.00,58.8206
515254,5528,3.4550,179135.00,58.8685
515288,5536,3.4600,179276.00,58.8797
515321,5544,3.4650,179618.00,58.9332
515355,5552,3.4700,179762.00,59.0166
515389,5560,3.4750,179876.00,59.0451
515423,5568,3.4800,180144.00,59.1180
515456,5576,3.4850,180266.00,59.1619
515490,5584,3.4900,180604.00,59.2292
515524,5592,3.4950,180562.00,59.2459
515558,5600,3.5000,180977.00,59.4415
515591,5608,3.5050,181021.00,59.4468
515625,5616,3.5100,181297.00,59.5311
515659,5624,3.5150,181491.00,59.5137
515692,5632,3.5200,181717.00,59.6069
515726,5640,3.5250,181945.00,59.7034
515760,5648,3.5300,182134.00,59.7172
515794,5656,3.5350,182249.00,59.7421
515827,5664,3.5400,182338.00,59.8458
515861,5672,3.5450,182691.00,59.9463
515895,5680,3.5500,182582.00,59.9499
515928,5688,3.5550,183179.00,60.0743
515962,5696,3.5600,183504.00,60.1973
515996,5704,3.5650,183549.00,60.2794
516030,5712,3.5700,183697.00,60.2728
516063,5720,3.5750,184005.00,60.3588
516097,5728,3.5800,184247.00,60.4792
516131,5736,3.5850,184419.00,60.4336
516165,5744,3.5900,184449.00,60.5580
516198,5752,3.5950,184927.00,60.6604
516232,5760,3.6000,184693.00,60.6131
516266,5768,3.6050,185370.00,60.8425
516299,5776,3.6100,185462.00,60.8661
516333,5784,3.6150,185843.00,60.9974
516367,5792,3.6200,185731.00,60.9744
516401,5800,3.6250,186230.00,61.0883
516434,5808,3.6300,186474.00,61.1283
516468,5816,3.6350,186749.00,61.2688
516502,5824,3.6400,186619.00,61.2120
516535,5832,3.6450,187039.00,61.4221
516569,5840,3.6500,187205.00,61.4385
516603,5848,3.6550,187458.00,61.5819
516637,5856,3.6600,187393.00,61.4821
516670,5864,3.6650,187991.00,61.6889
516704,5872,3.6700,188344.00,61.7620
516738,5880,3.6750,188483.00,61.8529
516772,5888,3.6800,188520.00,61.9097
516805,5896,3.6850,188980.00,61.9977
516839,5904,3.6900,189157.00,62.0505
516873,5912,3.6950,189553.00,62.1595
516906,5920,3.7000,189451.00,62.1601
516940,5928,3.7050,189749.00,62.2445
516974,5936,3.7100,190048.00,62.3934
517008,5944,3.7150,190219.00,62.4243
517041,5952,3.7200,190522.00,62.4991
517075,5960,3.7250,190982.00,62.6497
517109,5968,3.7300,191184.00,62.7905
517142,5976,3.7350,191414.00,62.7669
517176,5984,3.7400,191658.00,62.9087
517210,5992,3.7450,192032.00,63.0166
517244,6000,3.7500,192031.00,62.9664
517277,6008,3.7550,192244.00,63.0780
517311,6016,3.7600,192688.00,63.2119
517345,6024,3.7650,193053.00,63.2877
517379,6032,3.7700,193259.00,63.4328
517412,6040,3.7750,193631.00,63.5046
517446,6048,3.7800,193862.00,63.5453
517480,6056,3.7850,194126.00,63.6933
517513,6064,3.7900,194122.00,63.6976
517547,6072,3.7950,194468.00,63.8640
517581,6080,3.8000,194896.00,63.9490
517615,6088,3.8050,195244.00,63.9332
517648,6096,3.8100,195326.00,64.1610
517682,6104,3.8150,195887.00,64.2716
517716,6112,3.8200,196026.00,64.3818
517749,6120,3.8250,196779.00,64.5633
517783,6128,3.8300,197071.00,64.7222
517817,6136,3.8350,198263.00,65.1498
517851,6144,3.8400,200296.00,65.9193
517884,6152,3.8450,202760.00,66.8067
517918,6160,3.8500,206993.00,68.1578
517952,6168,3.8550,211551.00,69.7366
517986,6176,3.8600,217068.00,71.6049
518019,6184,3.8650,223985.00,73.9517
518053,6192,3.8700,231779.00,76.2814
518087,6200,3.8750,239836.00,79.1942
518120,6208,3.8800,248377.00,82.0323
518154,6216,3.8850,257099.00,84.9405
518188,6224,3.8900,265952.00,87.7412
518222,6232,3.8950,274361.00,90.3859
518255,6240,3.9000,282203.00,93.1311
518289,6248,3.9050,292280.00,96.5401
518323,6256,3.9100,303010.00,99.9173
518356,6264,3.9150,312440.00,103.0274
518390,6272,3.9200,321861.00,106.0850
518424,6280,3.9250,331184.00,109.1268
518458,6288,3.9300,340589.00,112.1053
518491,6296,3.9350,348497.00,114.6470
518525,6304,3.9400,355019.00,116.1090
518559,6312,3.9450,356156.00,116.3637
518593,6320,3.9500,352473.00,113.6107
518626,6328,3.9550,327428.00,101.8772
518660,6336,3.9600,294576.00,96.0977
518694,6344,3.9650,289837.00,94.7273
518727,6352,3.9700,286121.00,93.6962
518761,6360,3.9750,284663.00,93.2423
518795,6368,3.9800,288940.00,95.2330
518829,6376,3.9850,299402.00,99.0368
518862,6384,3.9900,311550.00,102.9188
518896,6392,3.9950,321828.00,106.2383
518930,6400,4.0000,332423.00,109.8186
518964,6408,4.0050,344235.00,113.3530
518997,6416,4.0100,355606.00,117.3896
519031,6424,4.0150,365854.00,120.4517
519065,6432,4.0200,373473.00,122.6889
519098,6440,4.0250,380661.00,125.3372
519132,6448,4.0300,389125.00,128.0066
519166,6456,4.0350,397077.00,130.5463
519200,6464,4.0400,404852.00,133.0805
519233,6472,4.0450,413628.00,136.2253
519267,6480,4.0500,424575.00,139.8740
519301,6488,4.0550,437315.00,144.1021
519334,6496,4.0600,450329.00,148.4186
519368,6504,4.0650,463829.00,152.9651
519402,6512,4.0700,478331.00,156.9511
519436,6520,4.0750,490668.00,162.1756
519469,6528,4.0800,506448.00,167.0266
519503,6536,4.0850,521496.00,171.8534
519537,6544,4.0900,536457.00,176.6864
519571,6552,4.0950,551686.00,181.8206
519604,6560,4.1000,566770.00,186.6691
519638,6568,4.1050,581057.00,191.5608
519672,6576,4.1100,596735.00,196.5874
519705,6584,4.1150,612506.00,201.7112
519739,6592,4.1200,628238.00,206.2754
519773,6600,4.1250,643290.00,212.0013
519807,6608,4.1300,659474.00,217.1343
519840,6616,4.1350,674662.00,221.8412
519874,6624,4.1400,691060.00,227.8393
519908,6632,4.1450,708576.00,233.1760
519941,6640,4.1500,723983.00,238.1747
519975,6648,4.1550,740185.00,243.5545
520009,6656,4.1600,756979.00,249.1390
520043,6664,4.1650,773093.00,254.4209
520065,6664,4.1650,784184.00,259.0176
520099,6656,4.1600,786623.00,256.1878
520133,6648,4.1550,760940.00,247.9920
520166,6640,4.1500,737494.00,240.3508
520200,6632,4.1450,714115.00,232.7714
520234,6624,4.1400,691900.00,225.5138
520267,6616,4.1350,671575.00,219.3688
520301,6608,4.1300,650130.00,211.6338
520335,6600,4.1250,628318.00,204.8902
520369,6592,4.1200,609401.00,199.2065
520402,6584,4.1150,590190.00,192.0406
520436,6576,4.1100,570922.00,186.0997
520470,6568,4.1050,552526.00,180.0695
520503,6560,4.1000,534337.00,173.9911
520537,6552,4.0950,516303.00,168.2438
520571,6544,4.0900,499734.00,162.8687
520605,6536,4.0850,483063.00,157.4568
520638,6528,4.0800,466522.00,152.1223
520672,6520,4.0750,450220.00,146.8220
520706,6512,4.0700,434773.00,142.3720
520740,6504,4.0650,420204.00,136.6073
520773,6496,4.0600,405446.00,132.1005
520807,6488,4.0550,391256.00,127.5698
520841,6480,4.0500,378293.00,123.3735
520874,6472,4.0450,365598.00,119.1742
520908,6464,4.0400,353082.00,115.0330
520942,6456,4.0350,341306.00,111.3269
520976,6448,4.0300,330555.00,107.8148
521009,6440,4.0250,320628.00,104.8685
521043,6432,4.0200,311118.00,101.4122
521077,6424,4.0150,302032.00,98.5016
521111,6416,4.0100,293697.00,95.7482
521144,6408,4.0050,285506.00,93.1629
521189,6400,4.0000,279079.00,90.6881
521223,6392,3.9950,272985.00,89.2399
521257,6384,3.9900,266817.00,87.2584
521290,6376,3.9850,261486.00,85.6514
521324,6368,3.9800,256812.00,84.2537
521358,6360,3.9750,251096.00,82.1507
521392,6352,3.9700,249318.00,82.2754
521425,6344,3.9650,255804.00,84.5185
521459,6336,3.9600,260545.00,85.7626
521493,6328,3.9550,262938.00,86.4980
521526,6320,3.9500,265171.00,87.0631
521560,6312,3.9450,266371.00,87.3769
521594,6304,3.9400,267440.00,87.7441
521628,6296,3.9350,268006.00,87.9466
521661,6288,3.9300,266715.00,87.4317
521695,6280,3.9250,264687.00,86.6497
521729,6272,3.9200,259806.00,84.9553
521763,6264,3.9150,252735.00,82.5655
521796,6256,3.9100,245916.00,80.3258
521830,6248,3.9050,239841.00,78.4440
521864,6240,3.9000,234451.00,76.6499
521897,6232,3.8950,228421.00,74.6638
521931,6224,3.8900,222669.00,72.9977
521965,6216,3.8850,218364.00,71.4605
521999,6208,3.8800,213387.00,69.7786
522032,6200,3.8750,208705.00,68.2267
522066,6192,3.8700,204011.00,66.7280
522100,6184,3.8650,199422.00,65.0700
522134,6176,3.8600,195713.00,64.0701
522167,6168,3.8550,192507.00,62.9497
522201,6160,3.8500,189779.00,62.1112
522235,6152,3.8450,187105.00,61.3417
522268,6144,3.8400,185180.00,60.6679
522302,6136,3.8350,183180.00,60.1015
522336,6128,3.8300,182322.00,59.7579
522370,6120,3.8250,181523.00,59.6135
522403,6112,3.8200,181116.00,59.4127
522437,6104,3.8150,180771.00,59.3093
522471,6096,3.8100,179951.00,59.0651
522505,6088,3.8050,179513.00,58.8912
522538,6080,3.8000,179052.00,58.7497
522572,6072,3.7950,178912.00,58.7383
522606,6064,3.7900,178225.00,58.4619
522639,6056,3.7850,178023.00,58.4176
522673,6048,3.7800,177567.00,58.2155
522707,6040,3.7750,176930.00,58.0471
522741,6032,3.7700,176307.00,57.8601
522774,6024,3.7650,176145.00,57.6845
522808,6016,3.7600,175652.00,57.6474
522842,6008,3.7550,175027.00,57.3576
522875,6000,3.7500,174804.00,57.2556
522909,5992,3.7450,174484.00,57.2169
522943,5984,3.7400,174029.00,57.0915
522977,5976,3.7350,173728.00,56.9651
523010,5968,3.7300,173129.00,56.8240
523044,5960,3.7250,172762.00,56.6645
523078,5952,3.7200,172307.00,56.5044
523112,5944,3.7150,172008.00,56.4578
523145,5936,3.7100,171614.00,56.2612
523179,5928,3.7050,171151.00,56.1424
523213,5920,3.7000,170670.00,56.0105
523246,5912,3.6950,170370.00,55.8507
523280,5904,3.6900,170030.00,55.8412
523314,5896,3.6850,169868.00,55.7798
523348,5888,3.6800,169366.00,55.5166
523381,5880,3.6750,169027.00,55.4332
523415,5872,3.6700,168501.00,55.2301
523449,5864,3.6650,168101.00,55.1996
523483,5856,3.6600,167710.00,55.0394
523516,5848,3.6550,167368.00,54.8875
523550,5840,3.6500,167055.00,54.8228
523584,5832,3.6450,166701.00,54.6853
523617,5824,3.6400,166323.00,54.5636
523651,5816,3.6350,166195.00,54.5639
523685,5808,3.6300,165641.00,54.3129
523719,5800,3.6250,165443.00,54.2561
523752,5792,3.6200,164852.00,54.0638
523786,5784,3.6150,164653.00,54.0506
523820,5776,3.6100,164118.00,53.8163
523854,5768,3.6050,164024.00,53.8426
523887,5760,3.6000,163786.00,53.7760
523921,5752,3.5950,163320.00,53.5384
523955,5744,3.5900,162878.00,53.4665
523988,5736,3.5850,162594.00,53.4120
524022,5728,3.5800,162258.00,53.2049
524056,5720,3.5750,162011.00,53.1239
524090,5712,3.5700,161445.00,53.0494
524123,5704,3.5650,161255.00,53.0261
524157,5696,3.5600,161228.00,52.8942
524191,5688,3.5550,160891.00,52.7337
524224,5680,3.5500,160536.00,52.6559
524258,5672,3.5450,160277.00,52.6753
524292,5664,3.5400,159883.00,52.3868
524326,5656,3.5350,159683.00,52.3501
524359,5648,3.5300,159311.00,52.2766
524393,5640,3.5250,159069.00,52.1820
524427,5632,3.5200,158859.00,52.1466
524461,5624,3.5150,158557.00,52.0002
524494,5616,3.5100,158322.00,51.9464
524528,5608,3.5050,158132.00,51.8411
524562,5600,3.5000,157711.00,51.7380
524596,5592,3.4950,157464.00,51.7105
524629,5584,3.4900,157171.00,51.5618
524663,5576,3.4850,156976.00,51.5441
524697,5568,3.4800,156693.00,51.4020
524730,5560,3.4750,156331.00,51.2336
524764,5552,3.4700,156268.00,51.2540
524798,5544,3.4650,155821.00,51.2376
524832,5536,3.4600,155613.00,51.0229
524865,5528,3.4550,155145.00,50.9324
524899,5520,3.4500,155087.00,50.8854
524933,5512,3.4450,154834.00,50.8411
524967,5504,3.4400,154589.00,50.7519
525000,5496,3.4350,154494.00,50.6918
525034,5488,3.4300,154182.00,50.5415
525068,5480,3.4250,153831.00,50.4952
525101,5472,3.4200,153800.00,50.4631
525135,5464,3.4150,153654.00,50.4070
525169,5456,3.4100,153179.00,50.2422
525203,5448,3.4050,153145.00,50.1864
525236,5440,3.4000,152849.00,50.1520
525270,5432,3.3950,152496.00,50.1447
525304,5424,3.3900,152508.00,50.0223
525338,5416,3.3850,152241.00,50.0191
525371,5408,3.3800,152364.00,49.9971
525405,5400,3.3750,151901.00,49.8737
525439,5392,3.3700,151793.00,49.8093
525472,5384,3.3650,151550.00,49.7529
525506,5376,3.3600,151628.00,49.7211
525540,5368,3.3550,151179.00,49.6567
525574,5360,3.3500,151068.00,49.6610
525607,5352,3.3450,150940.00,49.4877
525641,5344,3.3400,150990.00,49.5488
525675,5336,3.3350,150781.00,49.4815
525708,5328,3.3300,150418.00,49.4132
525742,5320,3.3250,150425.00,49.3361
525776,5312,3.3200,150253.00,49.3361
525810,5304,3.3150,150041.00,49.1779
525843,5296,3.3100,149981.00,49.2173
525877,5288,3.3050,149703.00,49.1481
525911,5280,3.3000,149489.00,49.0683
525945,5272,3.2950,149305.00,48.9929
525978,5264,3.2900,149103.00,48.9256
526012,5256,3.2850,149037.00,48.9013
526046,5248,3.2800,148762.00,48.8350
526079,5240,3.2750,148739.00,48.7769
526113,5232,3.2700,148606.00,48.7723
526147,5224,3.2650,148633.00,48.7356
526181,5216,3.2600,148218.00,48.7533
526214,5208,3.2550,148040.00,48.6178
526248,5200,3.2500,147985.00,48.5984
526282,5192,3.2450,148118.00,48.5613
526316,5184,3.2400,147584.00,48.5216
526349,5176,3.2350,147287.00,48.3759
526383,5168,3.2300,147406.00,48.3818
526417,5160,3.2250,147219.00,48.3562
526450,5152,3.2200,146960.00,48.2322
526484,5144,3.2150,146901.00,48.2633
526518,5136,3.2100,146864.00,48.1783
526552,5128,3.2050,146431.00,48.1399
526585,5120,3.2000,146639.00,48.0576
526619,5112,3.1950,146263.00,48.0103
526653,5104,3.1900,146215.00,47.9844
526687,5096,3.1850,145994.00,47.9079
526720,5088,3.1800,145903.00,47.8767
526754,5080,3.1750,145672.00,47.8249
526788,5072,3.1700,145761.00,47.8482
526821,5064,3.1650,145513.00,47.8082
526855,5056,3.1600,145459.00,47.7855
526889,5048,3.1550,145435.00,47.7419
526923,5040,3.1500,145057.00,47.6283
526956,5032,3.1450,144952.00,47.6017
526990,5024,3.1400,144939.00,47.5601
527024,5016,3.1350,144666.00,47.4997
527058,5008,3.1300,145045.00,47.5804
527091,5000,3.1250,144586.00,47.4600
527125,4992,3.1200,144727.00,47.4915
527159,4984,3.1150,144312.00,47.3192
527192,4976,3.1100,144110.00,47.3530
527226,4968,3.1050,143972.00,47.3228
527260,4960,3.1000,143885.00,47.2240
527294,4952,3.0950,143839.00,47.2532
527327,4944,3.0900,143533.00,47.1918
527361,4936,3.0850,143860.00,47.2214
527395,4928,3.0800,143524.00,47.0957
527428,4920,3.0750,143485.00,47.0918
527462,4912,3.0700,143289.00,47.0163
527496,4904,3.0650,143358.00,47.0245
527530,4896,3.0600,143005.00,46.9926
527563,4888,3.0550,142855.00,46.8597
527597,4880,3.0500,142918.00,46.8893
527631,4872,3.0450,142820.00,46.8614
527665,4864,3.0400,142947.00,46.9286
527698,4856,3.0350,142821.00,46.8574
527732,4848,3.0300,142521.00,46.7196
527766,4840,3.0250,142602.00,46.8049
527799,4832,3.0200,142522.00,46.7495
527833,4824,3.0150,142178.00,46.6422
527867,4816,3.0100,142214.00,46.6415
527901,4808,3.0050,142234.00,46.6986
527934,4800,3.0000,141962.00,46.6615
527968,4792,2.9950,142062.00,46.6901
528002,4784,2.9900,142020.00,46.6057
528036,4776,2.9850,141720.00,46.6162
528069,4768,2.9800,141646.00,46.4843
528103,4760,2.9750,141827.00,46.5529
528137,4752,2.9700,141591.00,46.4558
528170,4744,2.9650,141406.00,46.3931
528204,4736,2.9600,141593.00,46.4528
528238,4728,2.9550,141548.00,46.4019
528272,4720,2.9500,141594.00,46.4630
528305,4712,2.9450,141181.00,46.3855
528339,4704,2.9400,141364.00,46.3911
528373,4696,2.9350,141253.00,46.3904
528407,4688,2.9300,141246.00,46.3895
528440,4680,2.9250,141127.00,46.3537
528474,4672,2.9200,141161.00,46.3278
528508,4664,2.9150,140998.00,46.2700
528541,4656,2.9100,141011.00,46.3192
528575,4648,2.9050,140849.00,46.2365
528609,4640,2.9000,140871.00,46.3081
528643,4632,2.8950,140945.00,46.2723
528676,4624,2.8900,140958.00,46.2067
528710,4616,2.8850,140819.00,46.2316
528744,4608,2.8800,140786.00,46.1358
528778,4600,2.8750,140990.00,46.2694
528811,4592,2.8700,140679.00,46.1286
528845,4584,2.8650,140605.00,46.1834
528879,4576,2.8600,140530.00,46.1932
528912,4568,2.8550,140830.00,46.1998
528946,4560,2.8500,140573.00,46.1266
528980,4552,2.8450,140710.00,46.1660
529014,4544,2.8400,140829.00,46.2529
529047,4536,2.8350,140608.00,46.2165
529081,4528,2.8300,140533.00,46.1699
529115,4520,2.8250,140412.00,46.1817
529148,4512,2.8200,140713.00,46.1916
529182,4504,2.8150,140867.00,46.1538
529216,4496,2.8100,140514.00,46.1607
529250,4488,2.8050,140986.00,46.2923
529283,4480,2.8000,140684.00,46.1791
529317,4472,2.7950,140650.00,46.2372
529351,4464,2.7900,140883.00,46.2021
529385,4456,2.7850,140803.00,46.1850
529418,4448,2.7800,140521.00,46.1197
529452,4440,2.7750,140417.00,46.1164
529486,4432,2.7700,140601.00,46.1650
529519,4424,2.7650,140752.00,46.1949
529553,4416,2.7600,140514.00,46.1604
529587,4408,2.7550,140729.00,46.2589
529621,4400,2.7500,140969.00,46.1978
529654,4392,2.7450,140645.00,46.1729
529688,4384,2.7400,140741.00,46.1420
529722,4376,2.7350,140628.00,46.2677
529756,4368,2.7300,140700.00,46.1903
529789,4360,2.7250,140753.00,46.2615
529823,4352,2.7200,140691.00,46.1857
529857,4344,2.7150,140559.00,46.1666
529890,4336,2.7100,140700.00,46.1889
529924,4328,2.7050,140850.00,46.1837
529958,4320,2.7000,141004.00,46.2247
529992,4312,2.6950,140784.00,46.2694
530025,4304,2.6900,140931.00,46.1867
530059,4296,2.6850,141039.00,46.2523
530093,4288,2.6800,140927.00,46.2355
530126,4280,2.6750,140813.00,46.1683
530160,4272,2.6700,141112.00,46.3248
530194,4264,2.6650,140887.00,46.2543
530228,4256,2.6600,140967.00,46.2401
530261,4248,2.6550,141193.00,46.3626
530295,4240,2.6500,140993.00,46.3189
530329,4232,2.6450,141262.00,46.2950
530363,4224,2.6400,141138.00,46.2799
530396,4216,2.6350,140993.00,46.2500
530430,4208,2.6300,141239.00,46.3448
530464,4200,2.6250,141167.00,46.3544
530497,4192,2.6200,141243.00,46.3777
530531,4184,2.6150,141306.00,46.3934
530565,4176,2.6100,141221.00,46.4325
530599,4168,2.6050,141387.00,46.4403
530632,4160,2.6000,141596.00,46.5227
530666,4152,2.5950,141340.00,46.3773
530700,4144,2.5900,141526.00,46.4469
530734,4136,2.5850,141544.00,46.4525
530767,4128,2.5800,141686.00,46.5033
530801,4120,2.5750,141542.00,46.5112
530835,4112,2.5700,141390.00,46.3553
530868,4104,2.5650,141532.00,46.4640
530902,4096,2.5600,141726.00,46.5345
530936,4088,2.5550,141846.00,46.5142
530970,4080,2.5500,141630.00,46.5581
531003,4072,2.5450,141903.00,46.5129
531037,4064,2.5400,141897.00,46.6120
531071,4056,2.5350,141805.00,46.5634
531105,4048,2.5300,141917.00,46.5542
531138,4040,2.5250,142051.00,46.5627
531172,4032,2.5200,142015.00,46.6664
531206,4024,2.5150,142247.00,46.6723
531239,4016,2.5100,142124.00,46.6550
531273,4008,2.5050,142335.00,46.6937
531307,4000,2.5000,142176.00,46.6720
531341,3992,2.4950,142177.00,46.6369
531374,3984,2.4900,142130.00,46.6546
531408,3976,2.4850,142193.00,46.6422
531442,3968,2.4800,142331.00,46.7688
531476,3960,2.4750,142608.00,46.7862
531509,3952,2.4700,142385.00,46.7921
531543,3944,2.4650,142483.00,46.8056
531577,3936,2.4600,142655.00,46.8049
531610,3928,2.4550,142561.00,46.8699
531644,3920,2.4500,142965.00,46.8899
531678,3912,2.4450,142630.00,46.8535
531712,3904,2.4400,142897.00,46.9086
531745,3896,2.4350,142879.00,46.9155
531779,3888,2.4300,142820.00,46.9145
531813,3880,2.4250,142925.00,46.9674
531847,3872,2.4200,143120.00,46.9664
531880,3864,2.4150,143104.00,46.9572
531914,3856,2.4100,143223.00,46.9638
531948,3848,2.4050,143436.00,47.0717
531981,3840,2.4000,143049.00,46.9250
532015,3832,2.3950,143230.00,47.0537
532049,3824,2.3900,143345.00,47.0583
532083,3816,2.3850,143475.00,47.1236
532116,3808,2.3800,143571.00,47.1082
532150,3800,2.3750,143592.00,47.2125
532184,3792,2.3700,143505.00,47.1367
532217,3784,2.3650,143755.00,47.2716
532251,3776,2.3600,144071.00,47.2975
532285,3768,2.3550,143852.00,47.1830
532319,3760,2.3500,143776.00,47.2962
532352,3752,2.3450,143775.00,47.2765
532386,3744,2.3400,143842.00,47.3093
532420,3736,2.3350,144354.00,47.3940
532454,3728,2.3300,144288.00,47.3563
532487,3720,2.3250,144324.00,47.4432
532521,3712,2.3200,144468.00,47.3756
532555,3704,2.3150,144333.00,47.4593
532588,3696,2.3100,144486.00,47.3924
532622,3688,2.3050,144427.00,47.4367
532656,3680,2.3000,144698.00,47.5190
532690,3672,2.2950,144646.00,47.4997
532723,3664,2.2900,144842.00,47.5689
532757,3656,2.2850,144839.00,47.5148
532791,3648,2.2800,145186.00,47.5640
532825,3640,2.2750,145003.00,47.5771
532858,3632,2.2700,144949.00,47.6152
532892,3624,2.2650,145292.00,47.7428
532926,3616,2.2600,145367.00,47.7419
532959,3608,2.2550,145637.00,47.7140
532993,3600,2.2500,145484.00,47.7993
533027,3592,2.2450,145575.00,47.8236
533061,3584,2.2400,145776.00,47.8623
533094,3576,2.2350,145788.00,47.8918
533128,3568,2.2300,145916.00,47.8790
533162,3560,2.2250,146039.00,47.9352
533195,3552,2.2200,146093.00,47.9657
533229,3544,2.2150,146060.00,47.9719
533263,3536,2.2100,145950.00,48.0057
533297,3528,2.2050,146523.00,48.1114
533330,3520,2.2000,146501.00,48.0576
533364,3512,2.1950,146372.00,48.0782
533398,3504,2.1900,146628.00,48.1373
533432,3496,2.1850,146779.00,48.2449
533465,3488,2.1800,146720.00,48.1074
533499,3480,2.1750,146974.00,48.2748
533533,3472,2.1700,147042.00,48.2633
533566,3464,2.1650,147002.00,48.2220
533600,3456,2.1600,147009.00,48.2958
533634,3448,2.1550,147308.00,48.3411
533668,3440,2.1500,147350.00,48.3473
533701,3432,2.1450,147579.00,48.4776
533735,3424,2.1400,147447.00,48.4556
533769,3416,2.1350,147519.00,48.4750
533803,3408,2.1300,147717.00,48.5206
533836,3400,2.1250,148174.00,48.5131
533870,3392,2.1200,147756.00,48.5272
533904,3384,2.1150,147907.00,48.5318
533937,3376,2.1100,147865.00,48.5882
533971,3368,2.1050,148183.00,48.6903
534005,3360,2.1000,148382.00,48.6945
534039,3352,2.0950,148294.00,48.7464
534072,3344,2.0900,148510.00,48.7664
534106,3336,2.0850,148528.00,48.7871
534140,3328,2.0800,148727.00,48.8366
534174,3320,2.0750,148792.00,48.8114
534207,3312,2.0700,149042.00,48.8521
534241,3304,2.0650,148976.00,48.9020
534275,3296,2.0600,149222.00,48.9351
534308,3288,2.0550,149035.00,48.9331
534342,3280,2.0500,149264.00,48.9942
534376,3272,2.0450,149448.00,49.0605
534410,3264,2.0400,149258.00,49.0001
534443,3256,2.0350,149667.00,49.0309
534477,3248,2.0300,149746.00,49.1520
534511,3240,2.0250,149864.00,49.1576
534545,3232,2.0200,150015.00,49.2698
534578,3224,2.0150,150058.00,49.3148
534612,3216,2.0100,149899.00,49.2564
534646,3208,2.0050,150131.00,49.2626
534679,3200,2.0000,150269.00,49.3598
534713,3192,1.9950,150273.00,49.3515
534747,3184,1.9900,150413.00,49.3424
534781,3176,1.9850,150520.00,49.4113
534814,3168,1.9800,150603.00,49.4828
534848,3160,1.9750,150799.00,49.4493
534882,3152,1.9700,150711.00,49.4576
534916,3144,1.9650,150736.00,49.4730
534949,3136,1.9600,150804.00,49.5166
534983,3128,1.9550,150946.00,49.5258
535017,3120,1.9500,151105.00,49.5498
535050,3112,1.9450,151082.00,49.6384
535084,3104,1.9400,151349.00,49.7079
535118,3096,1.9350,151438.00,49.7903
535152,3088,1.9300,151499.00,49.7289
535185,3080,1.9250,151549.00,49.7326
535219,3072,1.9200,151712.00,49.7739
535253,3064,1.9150,151774.00,49.7903
535287,3056,1.9100,151731.00,49.8307
535320,3048,1.9050,151842.00,49.7946
535354,3040,1.9000,151693.00,49.8363
535388,3032,1.8950,151694.00,49.7729
535421,3024,1.8900,151922.00,49.8231
535455,3016,1.8850,152037.00,49.8707
535489,3008,1.8800,152104.00,49.9022
535523,3000,1.8750,152300.00,49.9150
535556,2992,1.8700,152396.00,50.0020
535770,2984,1.8650,153191.00,50.3498
535804,2976,1.8600,152897.00,50.2032
535837,2968,1.8550,152951.00,50.2297
535871,2960,1.8500,153162.00,50.2501
535916,2952,1.8450,153263.00,50.3078
535950,2944,1.8400,153429.00,50.2711
535984,2936,1.8350,153435.00,50.3259
536017,2928,1.8300,153372.00,50.4440
536051,2920,1.8250,153425.00,50.3544
536085,2912,1.8200,153446.00,50.4207
536118,2904,1.8150,153575.00,50.3889
536152,2896,1.8100,153761.00,50.4440
536186,2888,1.8050,153732.00,50.4703
536220,2880,1.8000,153872.00,50.4919
536253,2872,1.7950,153828.00,50.4516
536287,2864,1.7900,153989.00,50.5225
536321,2856,1.7850,154119.00,50.4752
536354,2848,1.7800,153903.00,50.4831
536388,2840,1.7750,154095.00,50.6078
536422,2832,1.7700,154171.00,50.5934
536456,2824,1.7650,154113.00,50.6081
536489,2816,1.7600,154604.00,50.6721
536523,2808,1.7550,154568.00,50.6675
536557,2800,1.7500,154355.00,50.6688
536590,2792,1.7450,154640.00,50.7637
536624,2784,1.7400,154727.00,50.8021
536658,2776,1.7350,154535.00,50.6856
536692,2768,1.7300,154659.00,50.8165
536725,2760,1.7250,154900.00,50.7591
536759,2752,1.7200,154958.00,50.8017
536793,2744,1.7150,155022.00,50.8890
536826,2736,1.7100,155127.00,50.8720
536860,2728,1.7050,155203.00,50.8818
536894,2720,1.7000,155019.00,50.8611
536928,2712,1.6950,155355.00,51.0078
536961,2704,1.6900,155147.00,50.8720
536995,2696,1.6850,155326.00,50.8907
537029,2688,1.6800,155227.00,50.9209
537063,2680,1.6750,155215.00,50.9238
537096,2672,1.6700,155346.00,50.9721
537130,2664,1.6650,155584.00,51.0288
537164,2656,1.6600,155535.00,51.0695
537197,2648,1.6550,155406.00,51.0426
537231,2640,1.6500,155662.00,51.0951
537265,2632,1.6450,155397.00,51.0203
537299,2624,1.6400,155265.00,50.9543
537332,2616,1.6350,155439.00,51.0279
537366,2608,1.6300,155592.00,50.9944
537400,2600,1.6250,155496.00,50.9708
537433,2592,1.6200,155654.00,51.0945
537467,2584,1.6150,155863.00,51.1489
537501,2576,1.6100,156106.00,51.1824
537535,2568,1.6050,155956.00,51.1457
537568,2560,1.6000,155909.00,51.1178
537602,2552,1.5950,155651.00,51.1293
537636,2544,1.5900,155690.00,51.1283
537670,2536,1.5850,155808.00,51.1857
537703,2528,1.5800,155939.00,51.1739
537737,2520,1.5750,155728.00,51.0613
537771,2512,1.5700,155648.00,51.0830
537804,2504,1.5650,155734.00,51.1663
537838,2496,1.5600,155877.00,51.1421
537872,2488,1.5550,156189.00,51.2116
537906,2480,1.5500,155992.00,51.1732
537939,2472,1.5450,155973.00,51.2077
537973,2464,1.5400,155894.00,51.1207
538007,2456,1.5350,156046.00,51.1946
538040,2448,1.5300,155922.00,51.1627
538074,2440,1.5250,155832.00,51.1447
538108,2432,1.5200,156183.00,51.2238
538142,2424,1.5150,155955.00,51.1250
538175,2416,1.5100,155882.00,51.1348
538209,2408,1.5050,156302.00,51.3823
538243,2400,1.5000,156187.00,51.2244
538277,2392,1.4950,156141.00,51.2563
538310,2384,1.4900,156093.00,51.2697
538344,2376,1.4850,156127.00,51.2251
538378,2368,1.4800,156268.00,51.3189
538411,2360,1.4750,156072.00,51.2323
538445,2352,1.4700,156422.00,51.2087
538479,2344,1.4650,156071.00,51.1939
538513,2336,1.4600,156064.00,51.2120
538546,2328,1.4550,156143.00,51.1407
538580,2320,1.4500,155968.00,51.2061
538614,2312,1.4450,155919.00,51.1427
538648,2304,1.4400,155967.00,51.2143
538681,2296,1.4350,155950.00,51.1864
538715,2288,1.4300,155996.00,51.1808
538749,2280,1.4250,156056.00,51.2152
538782,2272,1.4200,155899.00,51.1453
538816,2264,1.4150,155745.00,51.1270
538850,2256,1.4100,155835.00,51.1234
538884,2248,1.4050,155762.00,51.1726
538917,2240,1.4000,155841.00,51.1250
538951,2232,1.3950,155757.00,51.0892
538985,2224,1.3900,155491.00,51.0978
539018,2216,1.3850,155760.00,51.1230
539052,2208,1.3800,155556.00,51.0351
539086,2200,1.3750,155456.00,50.9803
539120,2192,1.3700,155270.00,50.9432
539153,2184,1.3650,155377.00,50.9566
539187,2176,1.3600,155505.00,50.9753
539221,2168,1.3550,155215.00,50.9583
539255,2160,1.3500,154947.00,50.8520
539288,2152,1.3450,155120.00,50.9143
539322,2144,1.3400,155214.00,50.9074
539356,2136,1.3350,154808.00,50.8050
539389,2128,1.3300,155148.00,50.8227
539423,2120,1.3250,154749.00,50.7499
539457,2112,1.3200,154726.00,50.7699
539491,2104,1.3150,154852.00,50.8516
539524,2096,1.3100,154833.00,50.8008
539558,2088,1.3050,154609.00,50.6934
539592,2080,1.3000,154479.00,50.6770
539626,2072,1.2950,154209.00,50.6386
539659,2064,1.2900,154593.00,50.6511
539693,2056,1.2850,154359.00,50.6347
539727,2048,1.2800,154379.00,50.6537
539760,2040,1.2750,154507.00,50.6101
539794,2032,1.2700,153946.00,50.4759
539828,2024,1.2650,154069.00,50.4939
539862,2016,1.2600,153936.00,50.4877
539895,2008,1.2550,153616.00,50.4348
539929,2000,1.2500,153748.00,50.4211
539963,1992,1.2450,153487.00,50.3892
539997,1984,1.2400,153448.00,50.4257
540030,1976,1.2350,153366.00,50.3177
540064,1968,1.2300,153105.00,50.2708
540098,1960,1.2250,153124.00,50.2294
540131,1952,1.2200,152893.00,50.1608
540165,1944,1.2150,152758.00,50.0670
540199,1936,1.2100,152681.00,50.0597
540233,1928,1.2050,152444.00,50.0053
540266,1920,1.2000,152378.00,50.0076
540300,1912,1.1950,152213.00,49.9574
540334,1904,1.1900,152012.00,49.8829
540367,1896,1.1850,151714.00,49.8136
540401,1888,1.1800,151709.00,49.7227
540435,1880,1.1750,151495.00,49.6912
540469,1872,1.1700,151434.00,49.6902
540502,1864,1.1650,151242.00,49.6590
540536,1856,1.1600,151138.00,49.5317
540570,1848,1.1550,150707.00,49.4385
540604,1840,1.1500,150609.00,49.4306
540637,1832,1.1450,150498.00,49.3686
540671,1824,1.1400,150445.00,49.3138
540705,1816,1.1350,150254.00,49.2472
540738,1808,1.1300,150063.00,49.2055
540772,1800,1.1250,149474.00,49.1123
540806,1792,1.1200,149762.00,49.1251
540840,1784,1.1150,149487.00,49.0201
540873,1776,1.1100,149187.00,48.9495
540907,1768,1.1050,149021.00,48.9141
540941,1760,1.1000,148724.00,48.7730
540975,1752,1.0950,148681.00,48.7651
541008,1744,1.0900,148195.00,48.6109
541042,1736,1.0850,148015.00,48.4944
541076,1728,1.0800,147995.00,48.4596
541109,1720,1.0750,147546.00,48.4058
541143,1712,1.0700,147362.00,48.2998
541177,1704,1.0650,146987.00,48.1413
541211,1696,1.0600,146850.00,48.1422
541244,1688,1.0550,146562.00,47.9998
541278,1680,1.0500,146333.00,48.0005
541312,1672,1.0450,145847.00,47.8574
541346,1664,1.0400,145643.00,47.8095
541379,1656,1.0350,145492.00,47.6913
541413,1648,1.0300,145064.00,47.5587
541447,1640,1.0250,144927.00,47.5427
541480,1632,1.0200,145024.00,47.4862
541514,1624,1.0150,144424.00,47.3927
541548,1616,1.0100,144153.00,47.2417
541582,1608,1.0050,143724.00,47.2250
541615,1600,1.0000,143635.00,47.0596
541649,1592,0.9950,143225.00,46.9398
541683,1584,0.9900,142996.00,46.8857
541717,1576,0.9850,142900.00,46.8095
541750,1568,0.9800,142315.00,46.6595
541784,1560,0.9750,142113.00,46.5729
541818,1552,0.9700,141434.00,46.3937
541851,1544,0.9650,141409.00,46.3888
541885,1536,0.9600,141408.00,46.2933
541919,1528,0.9550,140789.00,46.1368
541953,1520,0.9500,140561.00,46.1220
541986,1512,0.9450,140115.00,45.9615
542020,1504,0.9400,139921.00,45.8152
542054,1496,0.9350,139552.00,45.7312
542087,1488,0.9300,139049.00,45.5733
542121,1480,0.9250,138685.00,45.4128
542155,1472,0.9200,138529.00,45.3623
542189,1464,0.9150,138122.00,45.2566
542222,1456,0.9100,137723.00,45.1628
542256,1448,0.9050,137380.00,45.0522
542290,1440,0.9000,136854.00,44.8717
542324,1432,0.8950,136402.00,44.7660
542357,1424,0.8900,136073.00,44.6587
542391,1416,0.8850,135779.00,44.5182
542425,1408,0.8800,135267.00,44.3102
542458,1400,0.8750,134932.00,44.1901
542492,1392,0.8700,134545.00,44.0155
542526,1384,0.8650,134203.00,44.0102
542560,1376,0.8600,133841.00,43.8524
542593,1368,0.8550,133628.00,43.8274
542627,1360,0.8500,133143.00,43.5688
542661,1352,0.8450,132750.00,43.4707
542694,1344,0.8400,132100.00,43.3053
542728,1336,0.8350,131801.00,43.2256
542762,1328,0.8300,131362.00,43.0592
542796,1320,0.8250,130678.00,42.8488
542829,1312,0.8200,130595.00,42.7536
542863,1304,0.8150,130113.00,42.6332
542897,1296,0.8100,129558.00,42.4399
542931,1288,0.8050,129295.00,42.4507
542964,1280,0.8000,128798.00,42.1951
542998,1272,0.7950,128307.00,42.0947
543032,1264,0.7900,127737.00,41.8495
543065,1256,0.7850,127263.00,41.7032
543099,1248,0.7800,126869.00,41.5952
543133,1240,0.7750,126384.00,41.3678
543167,1232,0.7700,125923.00,41.2355
543200,1224,0.7650,125382.00,41.0590
543234,1216,0.7600,125006.00,40.9900
543268,1208,0.7550,124453.00,40.7521
543301,1200,0.7500,124080.00,40.6757
543335,1192,0.7450,123451.00,40.4614
543369,1184,0.7400,123266.00,40.2989
543403,1176,0.7350,122169.00,40.0259
543436,1168,0.7300,122019.00,39.9760
543470,1160,0.7250,121392.00,39.7729
543504,1152,0.7200,121068.00,39.6422
543538,1144,0.7150,120486.00,39.5008
543571,1136,0.7100,120035.00,39.3223
543605,1128,0.7050,119331.00,39.0834
543639,1120,0.7000,118759.00,38.9587
543672,1112,0.6950,118430.00,38.7683
543706,1104,0.6900,117889.00,38.5957
543740,1096,0.6850,117166.00,38.3568
543774,1088,0.6800,116515.00,38.2574
543807,1080,0.6750,116019.00,37.9948
543841,1072,0.6700,115445.00,37.7772
543875,1064,0.6650,114874.00,37.6752
543908,1056,0.6600,114280.00,37.4491
543942,1048,0.6550,113714.00,37.2305
543976,1040,0.6500,113289.00,37.1659
544010,1032,0.6450,112619.00,36.8295
544043,1024,0.6400,112120.00,36.6726
544077,1016,0.6350,111337.00,36.5085
544111,1008,0.6300,110523.00,36.1922
544145,1000,0.6250,110015.00,36.0192
544178,992,0.6200,109571.00,35.9086
544212,984,0.6150,109095.00,35.7885
544246,976,0.6100,108159.00,35.4347
544279,968,0.6050,107446.00,35.2142
544313,960,0.6000,106964.00,34.9753
544347,952,0.5950,106518.00,34.8499
544381,944,0.5900,105663.00,34.5953
544414,936,0.5850,105161.00,34.3623
544448,928,0.5800,104318.00,34.2182
544482,920,0.5750,103678.00,33.9882
544515,912,0.5700,103046.00,33.7227
544549,904,0.5650,102585.00,33.6403
544583,896,0.5600,101497.00,33.2363
544617,888,0.5550,100985.00,33.0719
544650,880,0.5500,100346.00,32.8652
544684,872,0.5450,99316.00,32.5649
544718,864,0.5400,98742.00,32.3391
544752,856,0.5350,98133.00,32.1061
544785,848,0.5300,97422.00,31.9112
544819,840,0.5250,96379.00,31.5764
544853,832,0.5200,95753.00,31.2935
544886,824,0.5150,95049.00,31.0822
544920,816,0.5100,94130.00,30.8728
544954,808,0.5050,93406.00,30.5089
544988,800,0.5000,92948.00,30.3750
545021,792,0.4950,92043.00,30.1827
545055,784,0.4900,91265.00,29.8102
545089,776,0.4850,90698.00,29.7019
545122,768,0.4800,90036.00,29.4430
545156,760,0.4750,89034.00,29.1204
545190,752,0.4700,88287.00,28.8985
545224,744,0.4650,87476.00,28.6540
545257,736,0.4600,86846.00,28.4145
545291,728,0.4550,85859.00,28.1139
545325,720,0.4500,85177.00,27.8641
545359,712,0.4450,84385.00,27.5904
545392,704,0.4400,83552.00,27.4762
545426,696,0.4350,82681.00,27.0824
545460,688,0.4300,81811.00,26.7474
545493,680,0.4250,80951.00,26.5324
545527,672,0.4200,80253.00,26.3129
545561,664,0.4150,79289.00,25.9453
545595,656,0.4100,78232.00,25.5778
545628,648,0.4050,77613.00,25.4025
545662,640,0.4000,76614.00,25.1465
545696,632,0.3950,75670.00,24.7865
545729,624,0.3900,74821.00,24.4820
545763,616,0.3850,73848.00,24.1052
545797,608,0.3800,72962.00,23.8824
545831,600,0.3750,72287.00,23.6461
545864,592,0.3700,71302.00,23.3649
545898,584,0.3650,70565.00,23.0879
545932,576,0.3600,69615.00,22.8460
545966,568,0.3550,68620.00,22.4201
545999,560,0.3500,67642.00,22.1766
546033,552,0.3450,66793.00,21.8143
546067,544,0.3400,65683.00,21.4379
546100,536,0.3350,64917.00,21.1904
546134,528,0.3300,63754.00,20.9253
546168,520,0.3250,62955.00,20.5485
546202,512,0.3200,61875.00,20.2732
546235,504,0.3150,61124.00,19.9545
546269,496,0.3100,59971.00,19.6454
546303,488,0.3050,59019.00,19.2631
546337,480,0.3000,58080.00,19.0051
546370,472,0.2950,57067.00,18.6717
546404,464,0.2900,56283.00,18.3570
546438,456,0.2850,55031.00,18.0485
546471,448,0.2800,53980.00,17.7088
546505,440,0.2750,53003.00,17.3905
546539,432,0.2700,52160.00,17.0295
546573,424,0.2650,51131.00,16.6846
546606,416,0.2600,49960.00,16.2842
546640,408,0.2550,48942.00,15.9761
546674,400,0.2500,47938.00,15.6282
546708,392,0.2450,46907.00,15.2653
546741,384,0.2400,45699.00,14.8738
546775,376,0.2350,44577.00,14.5243
546809,368,0.2300,43541.00,14.2640
546842,360,0.2250,42493.00,13.9916
546876,352,0.2200,41438.00,13.4472
546910,344,0.2150,40084.00,13.1682
546944,336,0.2100,38931.00,12.7751
546977,328,0.2050,37883.00,12.3370
547011,320,0.2000,36638.00,11.9931
547045,312,0.1950,35433.00,11.5008
547079,304,0.1900,34399.00,11.2356
547112,296,0.1850,32977.00,10.8208
547146,288,0.1800,32134.00,10.4411
547180,280,0.1750,30493.00,9.9673
547213,272,0.1700,29431.00,9.5557
547247,264,0.1650,28160.00,9.1051
547281,256,0.1600,26727.00,8.8081
547315,248,0.1550,25616.00,8.3523
547348,240,0.1500,24462.00,7.9864
547382,232,0.1450,23457.00,7.5814
547416,224,0.1400,21876.00,7.2086
547450,216,0.1350,20589.00,6.6816
547483,208,0.1300,19451.00,6.4903
547517,200,0.1250,18461.00,5.9422
547551,192,0.1200,16898.00,5.4624
547584,184,0.1150,15817.00,5.0936
547618,176,0.1100,14429.00,4.7450
547652,168,0.1050,13424.00,4.3158
547686,160,0.1000,12286.00,3.9876
547719,152,0.0950,11090.00,3.7271
547753,144,0.0900,9994.00,3.1905
547787,136,0.0850,9110.00,2.9243
547820,128,0.0800,7821.00,2.5653
547854,120,0.0750,6776.00,2.1410
547888,112,0.0700,5777.00,1.8427
547922,104,0.0650,4967.00,1.6441
547955,96,0.0600,4166.00,1.3025
547989,88,0.0550,3344.00,1.1099
548023,80,0.0500,2865.00,0.8437
